run_id,T_final,box,init,seed,free_frac,atom_frac,chain_frac,clusters,largest,neutral_clusters,bind_per_particle,T_measured,spatial_entropy,size_entropy,iso_energy_drift,iso_bond_persistence,settle_free_change,anom_singularity,anom_numerical,wall_s
T_final=0.1_box=50.0_init=random_seed=300,0.1,50.0,random,300,0.07,0.35,0.58,60,10,48,-0.3361915129683766,0.1123977738911444,0.9665665942669521,0.7782761936819707,4.670848819168722e-06,0.9407749760141297,-0.065,0,0,227.32
T_final=0.1_box=50.0_init=random_seed=301,0.1,50.0,random,301,0.065,0.28,0.655,56,14,42,-0.34443063857369693,0.09321786195062827,0.9502624728396468,0.7586676926391359,1.2531485996276338e-06,0.949823765717614,-0.03,0,0,230.29
T_final=0.1_box=50.0_init=random_seed=302,0.1,50.0,random,302,0.125,0.22,0.655,51,9,34,-0.3521654704619084,0.09696689507987813,0.9668671597214833,0.7771977193812961,3.3111664901319626e-06,0.944788309148344,-0.07,0,0,230.75
T_final=0.1_box=50.0_init=pairs_seed=300,0.1,50.0,pairs,300,0.06,0.37,0.57,58,13,50,-0.33132915777075767,0.09739326620048622,0.9565706948924201,0.7599674776754064,4.984405242285177e-07,0.9358479052809112,0.0,0,0,229.99
T_final=0.1_box=50.0_init=pairs_seed=301,0.1,50.0,pairs,301,0.06,0.42,0.52,64,10,57,-0.34152896319338266,0.10137478579459426,0.9713442536728539,0.7878074882479509,8.309882513027225e-07,0.9441820562793738,0.04,0,0,227.96
T_final=0.1_box=50.0_init=pairs_seed=302,0.1,50.0,pairs,302,0.055,0.37,0.575,66,8,44,-0.32736595235028776,0.09800567175260816,0.9753187015688576,0.7960977694818152,1.49796390311109e-06,0.9510121638259812,-0.015,0,0,226.78
T_final=0.1_box=80.0_init=random_seed=300,0.1,80.0,random,300,0.145,0.52,0.335,72,5,57,-0.3306622984154869,0.09767391836065606,0.9512658232608028,0.8546688608545933,4.056750751619774e-08,0.9594729440746714,-0.075,0,0,228.86
T_final=0.1_box=80.0_init=random_seed=301,0.1,80.0,random,301,0.23,0.54,0.23,67,5,59,-0.33143628800364044,0.09955281714226744,0.9586425181474566,0.8738242529682744,4.746176994789318e-07,0.9389099471410813,0.0,0,0,227.27
T_final=0.1_box=80.0_init=random_seed=302,0.1,80.0,random,302,0.175,0.51,0.315,69,6,58,-0.325363889260245,0.10483768037090106,0.9567043964679707,0.8575237863452373,5.325176713113175e-07,0.9623596581192093,-0.065,0,0,227.4
T_final=0.1_box=80.0_init=pairs_seed=300,0.1,80.0,pairs,300,0.115,0.48,0.405,69,7,58,-0.3305324398121765,0.10146438636956867,0.9745568005681589,0.8315216292287222,2.3406040881004315e-06,0.9451279931543322,-0.02,0,0,226.41
T_final=0.1_box=80.0_init=pairs_seed=301,0.1,80.0,pairs,301,0.095,0.63,0.275,77,6,72,-0.35283894005612293,0.09050260006669855,0.9622840419104531,0.8455367555166046,1.0502425333421098e-07,0.9698531807753012,0.08,0,0,225.99
T_final=0.1_box=80.0_init=pairs_seed=302,0.1,80.0,pairs,302,0.135,0.58,0.285,74,5,65,-0.33984388553100225,0.100631465863014,0.9639339198313328,0.8550151029867312,7.206028975400219e-07,0.9650782401897808,0.015,0,0,227.74
T_final=0.2_box=50.0_init=random_seed=300,0.2,50.0,random,300,0.24,0.39,0.37,54,9,44,-0.27688015285238726,0.1945855480574535,0.9704028160859618,0.83232560829133,1.5369729443225587e-05,0.8896395129853452,-0.02,0,0,229.23
T_final=0.2_box=50.0_init=random_seed=301,0.2,50.0,random,301,0.275,0.33,0.395,53,7,40,-0.2556634239648496,0.18542289816037374,0.9532124288124211,0.8507989901937559,5.653330406982186e-05,0.8527816958904249,0.025,0,0,226.24
T_final=0.2_box=50.0_init=random_seed=302,0.2,50.0,random,302,0.315,0.32,0.365,48,9,37,-0.2485476200411438,0.2002920860425229,0.9753836191885531,0.8482921017163879,3.373112958219768e-05,0.8295409850593922,0.045,0,0,227.85
T_final=0.2_box=50.0_init=pairs_seed=300,0.2,50.0,pairs,300,0.32,0.26,0.42,49,7,33,-0.23889476284509237,0.20968788387496848,0.9732460103786679,0.8604504587299522,3.136463895853274e-05,0.8337165922198213,0.01,0,0,226.91
T_final=0.2_box=50.0_init=pairs_seed=301,0.2,50.0,pairs,301,0.245,0.38,0.375,54,10,45,-0.2517459809883276,0.18254135679446556,0.9668472307814252,0.8350772567472323,4.355510028587434e-06,0.8775820291591376,0.035,0,0,228.5
T_final=0.2_box=50.0_init=pairs_seed=302,0.2,50.0,pairs,302,0.275,0.36,0.365,54,6,45,-0.2568035309493021,0.1883365159503368,0.9735957436288285,0.8545382128313566,2.023255740623691e-05,0.875602304687057,-0.055,0,0,228.17
T_final=0.2_box=80.0_init=random_seed=300,0.2,80.0,random,300,0.43,0.4,0.17,50,5,42,-0.258711018775148,0.1988139312617647,0.97149228124624,0.9078384983367058,1.1203756763857133e-05,0.8900581991711634,0.02,0,0,230.18
T_final=0.2_box=80.0_init=random_seed=301,0.2,80.0,random,301,0.445,0.41,0.145,50,4,43,-0.27806888220372084,0.18619097142015137,0.964301256246962,0.9141243573559348,5.737787001339264e-06,0.8917665242453869,0.025,0,0,228.08
T_final=0.2_box=80.0_init=random_seed=302,0.2,80.0,random,302,0.47,0.32,0.21,45,5,33,-0.2509987139033339,0.18382480287447617,0.9575604323397884,0.9110963107992223,1.8750552239153902e-07,0.8881439118546153,-0.115,0,0,229.33
T_final=0.2_box=80.0_init=pairs_seed=300,0.2,80.0,pairs,300,0.45,0.34,0.21,46,5,35,-0.2555499126006599,0.1937109988905422,0.9772252736954546,0.9049835728460623,1.1135395715739872e-05,0.8760573994178747,-0.125,0,0,224.97
T_final=0.2_box=80.0_init=pairs_seed=301,0.2,80.0,pairs,301,0.39,0.4,0.21,52,6,44,-0.2827830771619854,0.18340838702413859,0.9772462826491602,0.8969441136056501,3.1749432846849106e-05,0.896719040654141,-0.075,0,0,227.12
T_final=0.2_box=80.0_init=pairs_seed=302,0.2,80.0,pairs,302,0.43,0.49,0.08,54,4,50,-0.2710000414506032,0.17959574497771705,0.9620591062132142,0.9182221990414381,5.6664138344915735e-05,0.9120382787502352,-0.015,0,0,227.22
