run_id,T_final,box,seed,free_frac,atom_frac,chain_frac,clusters,largest,neutral_clusters,bind_per_particle,T_measured,spatial_entropy,size_entropy,iso_energy_drift,iso_bond_persistence,anom_singularity,anom_numerical,wall_s
T_final=0.1_box=30.0_seed=200,0.1,30.0,200,0.015,0.1,0.885,24,42,17,-0.34815945187683095,0.10879146142300147,0.9764627461090535,0.5124778117786242,1.3824513603186672e-06,0.975061423937878,0,0,143.4
T_final=0.1_box=30.0_seed=201,0.1,30.0,201,0.03,0.06,0.91,18,72,8,-0.36210306861693775,0.091688605105657,0.9549333737576934,0.41010415079084295,1.151055106231015e-05,0.9768383608644728,0,0,144.42
T_final=0.1_box=30.0_seed=202,0.1,30.0,202,0.015,0.09,0.895,25,32,16,-0.3494733455215985,0.10464700958338229,0.9871355918820373,0.5351167638134154,7.66458822569784e-06,0.9791237204006091,0,0,145.04
T_final=0.1_box=50.0_seed=200,0.1,50.0,200,0.16,0.28,0.56,51,10,39,-0.33624219437980485,0.09957663396779302,0.9707578568844095,0.7893605964145697,6.109566448468803e-07,0.9813847961535694,0,0,144.49
T_final=0.1_box=50.0_seed=201,0.1,50.0,201,0.125,0.35,0.525,58,11,47,-0.33831512585179163,0.11108229325229278,0.9582093556368969,0.796077606034784,6.185719423893614e-06,0.9841442982767137,0,0,139.99
T_final=0.1_box=50.0_seed=202,0.1,50.0,202,0.125,0.29,0.585,58,8,39,-0.3257529555887805,0.10635571760324654,0.9709019108934223,0.8013032513376261,2.3299377411268096e-06,0.9777622470564293,0,0,142.67
T_final=0.1_box=80.0_seed=200,0.1,80.0,200,0.435,0.32,0.245,47,4,36,-0.3017322669819244,0.13470308261517822,0.9606597356761782,0.9029915275471916,1.613127021500504e-06,0.979170066566452,0,0,140.53
T_final=0.1_box=80.0_seed=201,0.1,80.0,201,0.325,0.41,0.265,55,6,45,-0.30036869516718945,0.13278889949003883,0.9744378887305792,0.8778965185464199,2.02007185135707e-06,0.9863358231249535,0,0,141.5
T_final=0.1_box=80.0_seed=202,0.1,80.0,202,0.29,0.38,0.33,54,5,44,-0.3243546618991932,0.12125322235133291,0.9744380483839336,0.8608834418288929,1.4523112447508517e-06,0.9811128415744126,0,0,139.78
T_final=0.2_box=30.0_seed=200,0.2,30.0,200,0.085,0.12,0.795,28,37,17,-0.26102738520944085,0.19423760933969297,0.9834264443000612,0.5908630870898426,1.0603963531288762e-05,0.9518363201656999,0,0,140.28
T_final=0.2_box=30.0_seed=201,0.2,30.0,201,0.075,0.12,0.805,25,36,17,-0.2417387735604067,0.19450451236111796,0.9769118758803563,0.5567379048344767,9.919703249179842e-05,0.9453036400656338,0,0,140.11
T_final=0.2_box=30.0_seed=202,0.2,30.0,202,0.065,0.09,0.845,28,22,18,-0.23663356310081674,0.21382246876896677,0.9851494022400903,0.6128016068952361,2.95973984337461e-05,0.9555275848998227,0,0,141.88
T_final=0.2_box=50.0_seed=200,0.2,50.0,200,0.355,0.32,0.325,50,5,39,-0.2563579910189422,0.21194677510548424,0.9650611442529038,0.8783249816256506,9.931586134966383e-05,0.9464750669018209,0,0,142.72
T_final=0.2_box=50.0_seed=201,0.2,50.0,201,0.215,0.24,0.545,50,8,35,-0.2588609321576822,0.2019456007607817,0.9620540852408126,0.81534585659561,1.0971620314676805e-05,0.968334732192235,0,0,142.29
T_final=0.2_box=50.0_seed=202,0.2,50.0,202,0.285,0.33,0.385,54,5,43,-0.2671129947597125,0.20610843794363068,0.9674080429719628,0.8613178589414344,3.5738926628928236e-06,0.961427325969008,0,0,142.28
T_final=0.2_box=80.0_seed=200,0.2,80.0,200,0.54,0.29,0.17,39,4,33,-0.25794735518687,0.23080847014682754,0.9738429040340013,0.9224675856856527,4.304578424209909e-05,0.9618286058268388,0,0,140.87
T_final=0.2_box=80.0_seed=201,0.2,80.0,201,0.57,0.23,0.2,34,6,28,-0.2659850057824436,0.20290136975063602,0.9692505535289588,0.9201717712974763,0.0005882634690551987,0.9622876126846894,0,0,139.77
T_final=0.2_box=80.0_seed=202,0.2,80.0,202,0.475,0.37,0.155,46,7,37,-0.23887679161067862,0.20116005568331194,0.9639440428004031,0.913858541289752,8.933109900021017e-07,0.9524198229623616,0,0,138.7
T_final=0.35_box=30.0_seed=200,0.35,30.0,200,0.12,0.17,0.71,44,13,26,-0.13054070665161135,0.3315591927338722,0.9791177492886081,0.7364151027882324,7.6491313533235e-05,0.9088549878731246,0,1,139.95
T_final=0.35_box=30.0_seed=201,0.35,30.0,201,0.125,0.15,0.725,33,36,24,-0.16514911993144535,0.33614694669603706,0.9761048362657548,0.6536905775825521,0.00012158875866202959,0.9228739821360006,0,0,140.98
T_final=0.35_box=30.0_seed=202,0.35,30.0,202,0.19,0.16,0.65,43,15,22,-0.148042044865406,0.37651918797375555,0.9884994798418925,0.7694500835467492,0.00022937162558867653,0.9037877799854009,0,0,139.35
T_final=0.35_box=50.0_seed=200,0.35,50.0,200,0.475,0.33,0.195,44,6,35,-0.20645541723629024,0.3095154745677285,0.9718458426011038,0.9089736174771149,2.538466445084556e-05,0.9356943315170222,0,0,138.0
T_final=0.35_box=50.0_seed=201,0.35,50.0,201,0.47,0.3,0.23,43,6,34,-0.22116913263879692,0.3338392759958825,0.9585457754004578,0.904793554844519,6.3996987236044194e-06,0.9352305503266334,0,0,140.36
T_final=0.35_box=50.0_seed=202,0.35,50.0,202,0.465,0.31,0.225,42,6,33,-0.19876624780425872,0.35518334043051075,0.9758197569459345,0.8986154928797406,7.5919842862833625e-06,0.9345748889328331,0,0,139.65
T_final=0.35_box=80.0_seed=200,0.35,80.0,200,0.685,0.24,0.075,28,5,25,-0.19718789149410496,0.36708551714484167,0.9655217865945444,0.9495546399852951,5.346043357520001e-06,0.9424737318621422,0,0,138.57
T_final=0.35_box=80.0_seed=201,0.35,80.0,201,0.625,0.26,0.115,33,4,28,-0.2307002756206216,0.3498199424725382,0.9758935301696112,0.9399684954607173,5.2381858288974884e-05,0.9467649247736053,0,0,140.16
T_final=0.35_box=80.0_seed=202,0.35,80.0,202,0.66,0.25,0.09,31,3,25,-0.22187027112350546,0.35953152093557383,0.9739106350811949,0.9486323898152152,1.2209762433363156e-06,0.9483550854960975,0,0,141.05
T_final=0.5_box=30.0_seed=200,0.5,30.0,200,0.255,0.14,0.605,36,16,20,-0.03495206110498912,0.519057950001413,0.9834600703436266,0.7744505909451033,0.00012743342062268307,0.8708147836419736,0,0,141.0
T_final=0.5_box=30.0_seed=201,0.5,30.0,201,0.19,0.15,0.66,36,17,23,-0.09565883816493297,0.47434626974076466,0.9696557746342714,0.7319461468197025,6.596314141975219e-05,0.8893575505397717,0,0,139.38
T_final=0.5_box=30.0_seed=202,0.5,30.0,202,0.35,0.16,0.49,34,14,21,-0.06279903117254504,0.5248633919967829,0.9844462694543902,0.8093048655365221,0.0002576454986003103,0.8689921585197348,0,0,140.29
T_final=0.5_box=50.0_seed=200,0.5,50.0,200,0.555,0.27,0.175,37,4,31,-0.14659007221339176,0.4858326915870171,0.9775047403539635,0.9229613727765015,1.7638140538619326e-05,0.9199214473367239,0,0,141.5
T_final=0.5_box=50.0_seed=201,0.5,50.0,201,0.555,0.32,0.125,38,8,32,-0.17832996691564665,0.48316077498330623,0.9651577273465483,0.9224022616740343,3.218100613475351e-05,0.9016229593804247,0,0,140.76
T_final=0.5_box=50.0_seed=202,0.5,50.0,202,0.57,0.31,0.12,38,6,32,-0.17688958279231212,0.5284161647083113,0.9782712556984223,0.9306376929493014,9.83940812754886e-07,0.9000521205363616,0,0,139.67
T_final=0.5_box=80.0_seed=200,0.5,80.0,200,0.785,0.14,0.075,19,3,14,-0.16698416302711744,0.5300947602880558,0.9752352145251356,0.9661332995902797,2.403024520322705e-06,0.9229012974803238,0,0,139.83
T_final=0.5_box=80.0_seed=201,0.5,80.0,201,0.655,0.24,0.105,30,5,24,-0.18198216576668463,0.46868610492252105,0.9734600116726237,0.9433341049776842,1.1872345080077477e-07,0.9356450111990195,0,0,141.63
T_final=0.5_box=80.0_seed=202,0.5,80.0,202,0.755,0.2,0.045,22,6,21,-0.175378073956632,0.5204747557634191,0.9741549264415168,0.9605796727395872,2.9452929277284283e-06,0.9335031798461623,0,0,140.92
T_final=0.75_box=30.0_seed=200,0.75,30.0,200,0.385,0.19,0.425,37,13,24,-0.05938562191666065,0.7291934848969032,0.9810743420687159,0.8414415095446628,0.00043641226397197607,0.8252804236733993,0,0,141.72
T_final=0.75_box=30.0_seed=201,0.75,30.0,201,0.335,0.16,0.505,34,16,21,0.013355306904664847,0.6645504698826056,0.9790043460763387,0.8021707595307149,0.00013831185953597322,0.8574310423873832,0,0,141.33
T_final=0.75_box=30.0_seed=202,0.75,30.0,202,0.385,0.13,0.485,33,9,20,0.013466330705105495,0.8840577243224146,0.988598397402972,0.8317513951345258,0.0001786462200336804,0.8592157104058077,0,0,142.5
T_final=0.75_box=50.0_seed=200,0.75,50.0,200,0.67,0.16,0.17,26,5,18,-0.12456380924464451,0.7450187119312426,0.9796976217482936,0.9392362632921808,1.8461937453874194e-05,0.8933508913190068,0,0,142.6
T_final=0.75_box=50.0_seed=201,0.75,50.0,201,0.62,0.16,0.22,30,4,18,-0.1560999963346936,0.6860426605066857,0.9614822058081378,0.9312790249988615,1.8213210083084734e-05,0.9122755424827459,0,0,141.91
T_final=0.75_box=50.0_seed=202,0.75,50.0,202,0.655,0.22,0.125,29,4,25,-0.125239259396935,0.7500371329939302,0.9803037975425309,0.9409560696424154,3.5029036965512605e-07,0.9022457213888271,0,0,140.75
T_final=0.75_box=80.0_seed=200,0.75,80.0,200,0.845,0.14,0.015,15,3,14,-0.1860922884626858,0.7578761068865495,0.9769647998036818,0.978574369605501,0.00022654884018052072,0.9120193343609633,0,0,142.46
T_final=0.75_box=80.0_seed=201,0.75,80.0,201,0.77,0.15,0.08,20,4,16,-0.19368572889479366,0.6987530238268641,0.9673790868895108,0.9627023660616945,2.499327110491368e-06,0.9330410562433974,0,0,142.5
T_final=0.75_box=80.0_seed=202,0.75,80.0,202,0.795,0.17,0.035,19,4,17,-0.14474211617120677,0.7632353477568609,0.9736966752109077,0.9694166881601541,1.5858611650098262e-08,0.9257471950197703,0,0,140.39
T_final=1.0_box=30.0_seed=200,1.0,30.0,200,0.515,0.13,0.355,31,9,14,-0.010576673642487782,0.9174864321621011,0.9875268062962231,0.8857099096249095,1.0227872029704172e-05,0.8009985267628618,0,0,140.04
T_final=1.0_box=30.0_seed=201,1.0,30.0,201,0.485,0.18,0.335,32,14,21,-0.0026754924432205204,0.879908036807144,0.9728335211554513,0.870003278232723,3.055887896484264e-05,0.8357876596127244,0,0,141.01
T_final=1.0_box=30.0_seed=202,1.0,30.0,202,0.495,0.2,0.305,36,6,23,0.023698974760511197,1.0977751432138652,0.9806252122974131,0.8950936592321791,0.00013367083308017587,0.8318402525361142,0,0,140.51
T_final=1.0_box=50.0_seed=200,1.0,50.0,200,0.755,0.17,0.075,22,3,17,-0.08661396563928707,1.0452336067609862,0.9711625444385495,0.9622085789708453,3.3583917676139555e-06,0.8780102534967449,0,0,139.7
T_final=1.0_box=50.0_seed=201,1.0,50.0,201,0.76,0.15,0.09,20,5,15,-0.05818731915354608,0.9853931532767339,0.9748878713597634,0.9582185343397929,2.3810280457372754e-06,0.8715111471307169,0,0,139.94
T_final=1.0_box=50.0_seed=202,1.0,50.0,202,0.74,0.14,0.12,21,5,14,-0.13584321068097877,1.0077761894341217,0.9751121694698283,0.9533062395386602,7.109945991936811e-05,0.8647586002224167,0,0,142.42
T_final=1.0_box=80.0_seed=200,1.0,80.0,200,0.865,0.12,0.015,13,3,12,-0.16187420050878926,0.982619429310067,0.9644324810876204,0.9811908500184574,2.9033163110291653e-07,0.8917038686552261,0,0,139.25
T_final=1.0_box=80.0_seed=201,1.0,80.0,201,0.855,0.1,0.045,13,3,10,-0.19672784138084687,0.9227919340849635,0.9666475315725315,0.977586795423803,8.408076172159691e-05,0.9092651397823694,0,0,140.31
T_final=1.0_box=80.0_seed=202,1.0,80.0,202,0.92,0.08,0.0,8,2,8,-0.22170429848762183,1.0094177874554027,0.9716473132481745,0.9895340783481751,6.080369287248964e-06,0.8812801420550291,0,0,140.83
