T_final,box,n,free_frac_mean,free_frac_std,free_frac_sem,atom_frac_mean,atom_frac_std,atom_frac_sem,chain_frac_mean,chain_frac_std,chain_frac_sem,clusters_mean,clusters_std,clusters_sem,largest_mean,largest_std,largest_sem,neutral_clusters_mean,neutral_clusters_std,neutral_clusters_sem,bind_per_particle_mean,bind_per_particle_std,bind_per_particle_sem,T_measured_mean,T_measured_std,T_measured_sem,spatial_entropy_mean,spatial_entropy_std,spatial_entropy_sem,size_entropy_mean,size_entropy_std,size_entropy_sem,iso_energy_drift_mean,iso_energy_drift_std,iso_energy_drift_sem,iso_bond_persistence_mean,iso_bond_persistence_std,iso_bond_persistence_sem,anom_singularity_mean,anom_singularity_std,anom_singularity_sem,anom_numerical_mean,anom_numerical_std,anom_numerical_sem
0.1,30.0,3,0.02,0.008660254037844387,0.005,0.08333333333333333,0.02081665999466133,0.012018504251546634,0.8966666666666666,0.012583057392117928,0.007264831572567796,22.333333333333332,3.7859388972001824,2.185812841434,48.666666666666664,20.81665999466133,12.018504251546632,13.666666666666666,4.932882862316248,2.8480012484391777,-0.3532452886717891,0.007699141399854201,0.004445101359734815,0.10170902537068026,0.008921924510916756,0.00515107551806731,0.9728439039162614,0.016403284035345012,0.009470440453400335,0.4858995754609608,0.06660961145361106,0.03845707710335873,6.852530216108885e-06,5.112648975978418e-06,2.9517892625532045e-06,0.9770078350676533,0.002036444024994856,0.0011757415060203852,0.0,0.0,0.0,0.0,0.0,0.0
0.1,50.0,3,0.1366666666666667,0.020207259421636904,0.011666666666666669,0.30666666666666664,0.037859388972001806,0.021858128414339994,0.5566666666666666,0.03013856886670852,0.01740051084818424,55.666666666666664,4.041451884327381,2.3333333333333335,9.666666666666666,1.5275252316519468,0.881917103688197,41.666666666666664,4.618802153517007,2.666666666666667,-0.33343675860679234,0.006734603391187503,0.0038882250807874717,0.10567154827444412,0.0057832615923546415,0.003338967637139976,0.9666230411382429,0.007286821369846245,0.004207048279417447,0.7955804845956599,0.0059868271184934626,0.003456496248453952,3.0422046032891014e-06,2.8548183957761834e-06,1.648230169288875e-06,0.9810971138289042,0.003200736678411213,0.0018479461828858226,0.0,0.0,0.0,0.0,0.0,0.0
0.1,80.0,3,0.35000000000000003,0.07566372975210778,0.043684474740270526,0.36999999999999994,0.045825756949558386,0.0264575131106459,0.28,0.04444097208657795,0.025658007197234423,52.0,4.358898943540674,2.5166114784235836,5.0,1.0,0.5773502691896258,41.666666666666664,4.932882862316248,2.8480012484391777,-0.3088185413494357,0.01347193799443619,0.0077780270275936815,0.12958173481885,0.007275927033741651,0.004200758431534817,0.9698452242635637,0.007954866463248354,0.0045927442939239635,0.8805904959741682,0.021182914258921284,0.012229961249608966,1.6951700392028084e-06,2.926368383658161e-07,1.6895395740530494e-07,0.9822062437552727,0.0037058957096441623,0.0021395998855517364,0.0,0.0,0.0,0.0,0.0,0.0
0.2,30.0,3,0.075,0.010000000000000002,0.005773502691896259,0.10999999999999999,0.017320508075688773,0.01,0.8150000000000001,0.026457513110645866,0.015275252316519444,27.0,1.7320508075688772,1.0,31.666666666666668,8.386497083606084,4.841946348777984,17.333333333333332,0.5773502691896258,0.33333333333333337,-0.2464665739568881,0.012865796194115889,0.007428070896011671,0.20085486348992587,0.011231068484808909,0.006484260412991546,0.981829240806836,0.004344825011540304,0.0025084858899946136,0.5868008662731851,0.028251741550953332,0.016311150589518642,4.64661314856111e-05,4.66433123077866e-05,2.692952891679638e-05,0.9508891817103855,0.005177360856004323,0.002989150683905927,0.0,0.0,0.0,0.0,0.0,0.0
0.2,50.0,3,0.285,0.06999999999999999,0.0404145188432738,0.2966666666666667,0.049328828623162485,0.02848001248439178,0.4183333333333334,0.11372481406154655,0.06565905201197404,51.333333333333336,2.309401076758503,1.3333333333333333,6.0,1.7320508075688772,1.0,39.0,4.0,2.3094010767585034,-0.26077730597877896,0.005627778676585877,0.0032491995338664917,0.20666693793663218,0.0050239241385515694,0.0029005639537810074,0.9648410908218931,0.002683753617810414,0.0015494658736814747,0.8516628990542316,0.032580764803868456,0.018810513329917337,3.7953791442411154e-05,5.3269684728552844e-05,3.075526681767648e-05,0.9587457083543546,0.011173833112484172,0.006451215555372691,0.0,0.0,0.0,0.0,0.0,0.0
0.2,80.0,3,0.5283333333333333,0.048562674281111544,0.02803767306876787,0.2966666666666667,0.07023769168568492,0.040551750201988125,0.17500000000000002,0.022912878474779207,0.013228756555322957,39.666666666666664,6.027713773341708,3.4801021696368504,5.666666666666667,1.5275252316519465,0.8819171036881969,32.666666666666664,4.509249752822894,2.6034165586355518,-0.2542697175266641,0.013923274864965989,0.008038606491289265,0.21162329852692519,0.016637642598460147,0.00960574743290175,0.9690125001211211,0.004953722388189066,0.002860032954311633,0.9188326327576269,0.004458013052283458,0.00257383503578672,0.0002107341880957666,0.0003276285644394068,0.00018915643987330217,0.9588453471579633,0.005569397877247183,0.0032154933636527917,0.0,0.0,0.0,0.0,0.0,0.0
0.35,30.0,3,0.145,0.03905124837953328,0.022546248764114474,0.16,0.010000000000000009,0.005773502691896263,0.695,0.03968626966596883,0.022912878474779186,40.0,6.082762530298219,3.511884584284246,21.333333333333332,12.741009902410928,7.356025496904637,24.0,2.0,1.1547005383792517,-0.14791062381615425,0.017304580926913178,0.009990804456366988,0.3480751091345549,0.024739868378031746,0.01428356966777254,0.9812406884654185,0.006464282667566423,0.0037321553382373067,0.7198519213058446,0.059630697135641716,0.03442779904322779,0.0001424838992613137,7.855286518670203e-05,4.5352517861158804e-05,0.9118389166648421,0.0098867917652249,0.005708141887074371,0.0,0.0,0.0,0.3333333333333333,0.5773502691896258,0.33333333333333337
0.35,50.0,3,0.47,0.004999999999999977,0.0028867513459481155,0.3133333333333333,0.01527525231651948,0.008819171036881977,0.21666666666666667,0.018929694486000914,0.010929064207170002,43.0,1.0,0.5773502691896258,6.0,0.0,0.0,34.0,1.0,0.5773502691896258,-0.20879693255978196,0.011383511441335021,0.00657227339497796,0.3328460303313739,0.02285012901118541,0.013192528135625575,0.9687371249824986,0.00904686152942204,0.005223207939333085,0.9041275550671247,0.005211079837356103,0.0030086183468661775,1.312544915357778e-05,1.0633515693048861e-05,6.13926314781387e-06,0.9351665902588295,0.0005624554138143478,0.0003247337845728761,0.0,0.0,0.0,0.0,0.0,0.0
0.35,80.0,3,0.6566666666666667,0.030138568866708567,0.017400510848184267,0.25,0.010000000000000009,0.005773502691896263,0.09333333333333334,0.020207259421636908,0.01166666666666667,30.666666666666668,2.5166114784235836,1.452966314513558,4.0,1.0,0.5773502691896258,26.0,1.7320508075688772,1.0,-0.21658614607941065,0.017369843280007548,0.01002848369349397,0.3588123268509846,0.008655226588004652,0.004997097400481693,0.9717753172817835,0.005505720005148976,0.0031787289270554693,0.9460518417537425,0.00528847453758656,0.0030533021978780823,1.9649625963277066e-05,2.842188099759977e-05,1.6409380644839736e-05,0.945864580710615,0.003042292674239459,0.001756468494425778,0.0,0.0,0.0,0.0,0.0,0.0
0.5,30.0,3,0.26499999999999996,0.08046738469715539,0.04645786621588784,0.15000000000000002,0.009999999999999995,0.005773502691896255,0.5850000000000001,0.08674675786448738,0.050083264004389075,35.333333333333336,1.1547005383792517,0.6666666666666667,15.666666666666666,1.5275252316519468,0.881917103688197,21.333333333333332,1.5275252316519468,0.881917103688197,-0.06446997681415571,0.030387863362769427,0.017544441092592497,0.5060892039129868,0.02764301343173215,0.015959701246023,0.9791873714774294,0.008269319860598685,0.004774294047531769,0.7719005344337759,0.038742353200796,0.02236790804951913,0.00015034735354758187,9.787398916534892e-05,5.6507573991276716e-05,0.8763881642338266,0.011268727809681077,0.006506003034343992,0.0,0.0,0.0,0.0,0.0,0.0
0.5,50.0,3,0.56,0.008660254037844331,0.004999999999999968,0.30000000000000004,0.0264575131106459,0.015275252316519465,0.13999999999999999,0.030413812651491092,0.01755942292142123,37.666666666666664,0.5773502691896258,0.33333333333333337,6.0,2.0,1.1547005383792517,31.666666666666668,0.5773502691896258,0.33333333333333337,-0.16726987397378354,0.017923708523698848,0.01034825794103392,0.4991365437595448,0.025392064444662202,0.014660115242406048,0.9736445744663115,0.007359810932965345,0.004249188823332293,0.9253337757999457,0.004601826175731508,0.0026568655813224524,1.6934362495375907e-05,1.5610435574540383e-05,9.012689181128202e-06,0.9071988424178367,0.011046057695398516,0.0063774443839224705,0.0,0.0,0.0,0.0,0.0,0.0
0.5,80.0,3,0.7316666666666666,0.06806859285554046,0.03929942040850532,0.19333333333333336,0.05033222956847165,0.02905932629027115,0.075,0.03,0.017320508075688773,23.666666666666668,5.686240703077327,3.2829526005987018,4.666666666666667,1.5275252316519465,0.8819171036881969,19.666666666666668,5.131601439446884,2.96273147243853,-0.174781467583478,0.007516779624106472,0.004339814739416966,0.5064185403246654,0.0330293601632888,0.019069509981435893,0.9742833842130921,0.0008945458854637534,0.0005164663077749702,0.956682359102517,0.011888759772786256,0.006863978655148939,1.8223469662839693e-06,1.5000878535266105e-06,8.660761260416765e-07,0.9306831628418353,0.00682385021557031,0.0039397517588692045,0.0,0.0,0.0,0.0,0.0,0.0
0.75,30.0,3,0.36833333333333335,0.02886751345948128,0.016666666666666663,0.16,0.03,0.017320508075688773,0.4716666666666667,0.04163331998932266,0.024037008503093267,34.666666666666664,2.0816659994661326,1.2018504251546631,12.666666666666666,3.511884584284246,2.0275875100994067,21.666666666666668,2.081665999466133,1.2018504251546633,-0.010854661435630103,0.04202908130663312,0.0242655014061773,0.7592672263673078,0.11280151210177687,0.06512598337695771,0.9828923618493421,0.005048797099961503,0.002914924364746576,0.8251212214033011,0.02045769670427642,0.01181125669921371,0.0002511234478472099,0.00016172715973168455,9.337321920636168e-05,0.8473090588221966,0.01909821548923152,0.0110263598537493,0.0,0.0,0.0,0.0,0.0,0.0
0.75,50.0,3,0.6483333333333333,0.025658007197234444,0.014813657362192662,0.18000000000000002,0.034641016151377546,0.02,0.17166666666666666,0.04752192476461085,0.02743679605525722,28.333333333333332,2.081665999466133,1.2018504251546633,4.333333333333333,0.5773502691896258,0.33333333333333337,20.333333333333332,4.041451884327381,2.3333333333333335,-0.1353010216587577,0.018015606259705063,0.010401315123655025,0.7270328351439529,0.03558710370465469,0.020546223903561516,0.9738278750329874,0.010695958289486229,0.006175314397675884,0.9371571193111525,0.005162695810205967,0.002980683815766568,1.2341812635538018e-05,1.0385707535652967e-05,5.996191041433966e-06,0.9026240517301932,0.009467996398536575,0.005466350269381499,0.0,0.0,0.0,0.0,0.0,0.0
0.75,80.0,3,0.8033333333333333,0.038188130791298645,0.022047927592204912,0.15333333333333335,0.015275252316519468,0.00881917103688197,0.043333333333333335,0.03329164059239696,0.01922093765778466,18.0,2.6457513110645907,1.5275252316519468,3.6666666666666665,0.5773502691896258,0.33333333333333337,15.666666666666666,1.5275252316519468,0.881917103688197,-0.17484004450956206,0.026340634997937522,0.015207772706684906,0.7399548261567581,0.035782282656368514,0.02065891052387364,0.9726801873013668,0.004873028706144499,0.0028134444352613005,0.9702311412757831,0.007967284639814281,0.004599913931507146,7.63546753008874e-05,0.00013007788926971424,7.510050438548785e-05,0.923602528541377,0.010673701019480562,0.006162464156846686,0.0,0.0,0.0,0.0,0.0,0.0
1.0,30.0,3,0.49833333333333335,0.01527525231651948,0.008819171036881977,0.17,0.0360555127546399,0.02081665999466133,0.3316666666666666,0.02516611478423583,0.014529663145135577,33.0,2.6457513110645907,1.5275252316519468,9.666666666666666,4.041451884327381,2.3333333333333335,19.333333333333332,4.725815626252609,2.728450923957484,0.0034822695582676314,0.017948357668926985,0.01036248913166668,0.9650565373943701,0.1164633212533725,0.06724012987635247,0.9803285132496958,0.007351134592747834,0.004244179535972132,0.8836022823632707,0.012677277869478483,0.007319229790535088,5.815252802490756e-05,6.618608811196341e-05,3.821255578805037e-05,0.8228754796372334,0.019048525033653587,0.010997671055845225,0.0,0.0,0.0,0.0,0.0,0.0
1.0,50.0,3,0.7516666666666666,0.010408329997330674,0.006009252125773322,0.15333333333333335,0.015275252316519468,0.00881917103688197,0.09499999999999999,0.0229128784747792,0.013228756555322954,21.0,1.0,0.5773502691896258,4.333333333333333,1.1547005383792517,0.6666666666666667,15.333333333333334,1.5275252316519468,0.881917103688197,-0.0935481651579373,0.03928958786311502,0.02268385412911891,1.0128009831572806,0.03023501913792122,0.017456196438232305,0.9737208617560471,0.0022184043890374136,0.001280796371182198,0.9579111176164329,0.00445912442333812,0.0025744766861642986,2.5612959910906446e-05,3.939549558294765e-05,2.274499997967354e-05,0.8714266669499594,0.006626230549977788,0.0038256559917421978,0.0,0.0,0.0,0.0,0.0,0.0
1.0,80.0,3,0.88,0.03500000000000003,0.02020725942163692,0.09999999999999999,0.019999999999999997,0.011547005383792514,0.02,0.0229128784747792,0.013228756555322954,11.333333333333334,2.8867513459481287,1.6666666666666667,2.6666666666666665,0.5773502691896258,0.33333333333333337,10.0,2.0,1.1547005383792517,-0.1934354467924193,0.030050624829337683,0.017349736334534564,0.9716097169501444,0.04434997116938612,0.02560546779319722,0.9675757753027754,0.0036959001736105784,0.0021338289601320524,0.9827705745968118,0.006128298265125563,0.0035381746530445605,3.0150487546649602e-05,4.679462563643008e-05,2.7016889707820672e-05,0.8940830501642082,0.014143387251267726,0.008165688436772543,0.0,0.0,0.0,0.0,0.0,0.0
