system,tau_factor,tau,seed,E,err,E_uncorrected,walkers,node_kill_rate,capped_fraction,has_node,wall_s
He+,2,0.005,100,-2.003118661114407,0.00607918472118194,-1.9955869297044333,2004.9,0.0,3.3271569813146744e-07,False,20.3
He+,2,0.005,101,-2.0065585100682166,0.0051840014790267615,-1.9981879436843935,1994.6,0.0,9.550748205017459e-08,False,20.0
He+,2,0.005,102,-2.000800409671177,0.005005703522389976,-1.999077258560399,2014.1,0.0,1.8928345458772283e-07,False,20.1
He+,2,0.005,103,-2.0055679728452027,0.004721703358412383,-2.0034051991091766,2006.2,0.0,2.2556496574338928e-07,False,20.8
He+,1,0.0025,100,-1.9977833706310566,0.0055961193275907255,-1.9910827102303141,2000.3,0.0,2.9754377789870883e-08,False,41.2
He+,1,0.0025,101,-2.001332507634749,0.0043667766244423695,-1.9957526296807047,1999.4,0.0,2.976090706292513e-08,False,42.2
He+,1,0.0025,102,-2.0019422571500893,0.005243131335730044,-1.9965256086917038,2010.8,0.0,0.0,False,42.1
He+,1,0.0025,103,-2.0016944374085037,0.005155377050727458,-1.9967474497093407,1998.8,0.0,0.0,False,41.5
He+,0.5,0.00125,100,-1.998068977607163,0.0053527277319200565,-1.990413617015766,2006.7,0.0,0.0,False,81.9
He+,0.5,0.00125,101,-2.0011711054690178,0.005101936694637018,-1.9950452101190312,1991.3,0.0,0.0,False,80.6
He+,0.5,0.00125,102,-2.0049595441781873,0.005225761277126761,-2.0006844768291545,2005.9,0.0,0.0,False,83.4
He+,0.5,0.00125,103,-2.0056617343839616,0.004221833078598128,-2.0057748427140054,2006.1,0.0,0.0,False,82.4
He parallel spins,2,0.005,100,-2.1949152043874154,0.005565586948234574,-2.187348961907874,1996.1,0.09001592222677117,2.204595921116752e-07,True,89.0
He parallel spins,2,0.005,101,-2.187223693940068,0.004393188144656317,-2.183193575734744,2008.0,0.07929067255766109,6.97386286857077e-08,True,89.1
He parallel spins,2,0.005,102,-2.177598450940516,0.005108432527733561,-2.1734925425918625,2006.9,0.08336682018105077,3.588959391891506e-07,True,88.0
He parallel spins,2,0.005,103,-2.1786182813413597,0.00485853317934521,-2.1759834323086222,2009.1,0.08405647222870757,9.961012299031223e-08,True,90.4
He parallel spins,1,0.0025,100,-2.163966315541885,0.005022708748788045,-2.1613543504889985,2004.4,0.059253980569910325,5.4911001347236423e-08,True,176.3
He parallel spins,1,0.0025,101,-2.1680090121281594,0.005219110063121116,-2.1595776440209433,2009.1,0.05486901941540496,1.34411334806309e-07,True,176.2
He parallel spins,1,0.0025,102,-2.1824398951488995,0.0054168488593583025,-2.1753691052057764,2002.2,0.06792795395322805,4.996620236106095e-08,True,177.9
He parallel spins,1,0.0025,103,-2.171816891580772,0.004511269577091784,-2.1696083941972626,1998.5,0.06826872785197882,0.0,True,174.1
He parallel spins,0.5,0.00125,100,-2.1760415080875246,0.005260983095420059,-2.171483082765657,2003.7,0.05907533379806678,0.0,True,356.9
He parallel spins,0.5,0.00125,101,-2.1708125314959896,0.004810372276681853,-2.1647001331894167,1991.1,0.05988892976510549,0.0,True,353.9
He parallel spins,0.5,0.00125,102,-2.171856324644756,0.0058825042192604555,-2.1648697599510407,2006.8,0.0622398858900299,0.0,True,356.7
He parallel spins,0.5,0.00125,103,-2.180606236578813,0.004946580886745114,-2.1749157458135935,1991.5,0.05965254597084439,1.2548969813530917e-08,True,357.6
Li+,2,0.0022222222222222222,100,-7.313536357878836,0.013567826256693321,-7.268531986939355,2020.2,0.0,3.4772504120665927e-07,False,108.9
Li+,2,0.0022222222222222222,101,-7.3403985772016975,0.014504376316440824,-7.2961799789901,2023.3,0.0,4.501584733281583e-07,False,104.3
Li+,2,0.0022222222222222222,102,-7.279535427000138,0.012836539192877416,-7.247638297360069,2017.5,0.0,3.6259762936727116e-07,False,106.3
Li+,2,0.0022222222222222222,103,-7.325826434746652,0.014602991354122985,-7.281168304246925,2016.7,0.0,3.591513769287727e-07,False,108.5
Li+,1,0.0011111111111111111,100,-7.295534021937116,0.01243253100068549,-7.2624641844213755,2023.3,0.0,4.9651045800421006e-08,False,214.8
Li+,1,0.0011111111111111111,101,-7.306436222581223,0.014209879510566454,-7.2697670044869875,2029.6,0.0,4.415593810132992e-08,False,216.6
Li+,1,0.0011111111111111111,102,-7.291145200492848,0.013641041778773844,-7.246428453174958,2012.6,0.0,5.522448437584791e-08,False,216.1
Li+,1,0.0011111111111111111,103,-7.28012581285696,0.01206671916280727,-7.246874287579081,2029.5,0.0,3.88645804678066e-08,False,213.5
Li+,0.5,0.0005555555555555556,100,-7.308801265217642,0.014763322671405484,-7.254810735427716,2013.0,0.0,8.90605337911135e-09,False,440.1
Li+,0.5,0.0005555555555555556,101,-7.274896452325047,0.013861214547792261,-7.2416777205665115,2017.4,0.0,1.7773562915571174e-08,False,441.7
Li+,0.5,0.0005555555555555556,102,-7.288572090760767,0.013526217343795329,-7.2521573366149745,2036.4,0.0,2.641594201889513e-09,False,442.8
Li+,0.5,0.0005555555555555556,103,-7.288819992251789,0.013588154719097072,-7.2532600228487665,2015.6,0.0,4.450382037349507e-09,False,438.5
Li,2,0.0022222222222222222,100,-7.453220542342514,0.014468155515198977,-7.41375753302779,2025.0,0.07955715196729143,3.629231044120049e-07,True,332.8
Li,2,0.0022222222222222222,101,-7.472177875847112,0.014382064536649761,-7.42529061601147,2020.2,0.07699874676652525,4.004614904867653e-07,True,330.1
Li,2,0.0022222222222222222,102,-7.47665796837768,0.015424357521409839,-7.437117714277958,2028.7,0.08316937093458346,2.9255260502253715e-07,True,332.6
Li,2,0.0022222222222222222,103,-7.484226526905206,0.013380555838135745,-7.446543767262099,2024.5,0.08987217587614134,3.696751467325583e-07,True,329.9
Li,1,0.0011111111111111111,100,-7.421557844176184,0.014928857246221316,-7.372717560601607,2036.0,0.036051645747852794,7.78307225039549e-08,True,662.5
Li,1,0.0011111111111111111,101,-7.483764433921868,0.014402251006220862,-7.4514727833231,2020.3,0.05228601489983663,3.505236016404224e-08,True,661.4
Li,1,0.0011111111111111111,102,-7.3522757017377725,0.013433046945790852,-7.31804094241854,2004.8,0.00807170243573907,0.0,True,656.2
Li,1,0.0011111111111111111,103,-7.371975567786859,0.013321872432740798,-7.329021594757404,2010.8,0.009990526554267668,7.370715563439794e-08,True,653.7
Li,0.5,0.0005555555555555556,100,-7.448745238781016,0.014205381942224942,-7.395933800714915,1993.6,0.06429216890100062,3.376499473344164e-09,True,1460.3
Li,0.5,0.0005555555555555556,101,-7.423649075275732,0.014953571093498578,-7.378841322611884,2000.4,0.030160453692604935,8.422094971329471e-09,True,1424.0
Li,0.5,0.0005555555555555556,102,-7.460842458934588,0.01479078241982584,-7.4223998139065435,2016.9,0.04942523211605918,1.6711740500808767e-08,True,1454.0
Li,0.5,0.0005555555555555556,103,-7.408727379147077,0.01444174478224306,-7.363147417035029,2014.8,0.017376239599411612,8.361965630436473e-09,True,1454.8
Be,2,0.00125,100,-14.423492610808275,0.060365040468408376,-14.319296875698257,2042.7,0.3200046060056305,4.5383237479705135e-07,True,231.3
Be,2,0.00125,101,-14.4535075642258,0.041203569186708464,-14.40097830541921,2046.6,0.3140599212614069,4.920305277265737e-07,True,231.1
Be,2,0.00125,102,-14.696576778957091,0.07351012326153832,-14.515735047092528,1938.0,0.4255450873376288,4.869536573548514e-07,True,222.1
Be,2,0.00125,103,-14.732972713694606,0.06340914853607979,-14.550673155638401,2146.3,0.4530283883431761,1.7051215185616526e-07,True,239.2
Be,1,0.000625,100,-14.406838257928081,0.06749414714091695,-14.217110059984199,2266.2,0.14403191982202077,3.919077309824627e-08,True,507.7
Be,1,0.000625,101,-14.558899801426653,0.052893679129688835,-14.445112481335242,2024.4,0.30255854009626637,3.867000877631317e-08,True,474.5
Be,1,0.000625,102,-14.463754695533554,0.047309485331302116,-14.346610926659622,1926.1,0.21724915879193493,4.0206290919927454e-08,True,453.3
Be,1,0.000625,103,-14.578056541232545,0.054807787050825896,-14.449060021451286,1875.0,0.3010124725873623,8.606785209941274e-08,True,443.9
Be,0.5,0.0003125,100,-14.370054738922606,0.05506743717966067,-14.217666657493785,1911.6,0.15113777662727512,0.0,True,903.0
Be,0.5,0.0003125,101,-14.563673823562185,0.06384681698037128,-14.396620928137205,2067.6,0.27480354426712966,0.0,True,949.4
Be,0.5,0.0003125,102,-14.363597991843662,0.041271121624623916,-14.340796382291325,1958.6,0.17605256090900553,0.0,True,930.3
Be,0.5,0.0003125,103,-14.396184020277415,0.05485757279182831,-14.218144002051481,2061.0,0.16134817373317298,1.3366230656658318e-08,True,947.0
