system,xi_P,starts,E_a5,E_a10,E_a20,E_a40,hits_a5,hits_a10,hits_a20,hits_a40,capped_a5,capped_a10,capped_a20,capped_a40,E_inf,extent,nucleus_distances,electron_to_nearest_nucleus,wall_s
H,1.0,16,-0.45429803610170316,-0.47593127591606993,-0.487539355816462,-0.4934849577166383,16,16,16,16,0,0,3,0,-0.4994305596168146,1.0250000000020927,[],[1.0256],0.4
H-,1.0,16,-0.5111321129436912,-0.535513577816309,-0.5486008385671098,-0.5553883675716136,16,16,16,16,3,3,3,2,-0.5621758965761174,1.3504063904251489,[],"[1.3504, 1.3504]",1.4
He,1.0,16,-2.7837585650404075,-2.9163816272930956,-2.987552724714769,-3.0239924048359246,16,16,16,16,0,2,3,0,-3.06043208495708,0.5857637242436013,[],"[0.5858, 0.5858]",1.6
Li+,1.0,16,-6.874523578665328,-7.20197389326939,-7.377690248674659,-7.468806518922962,16,16,16,16,5,2,6,7,-7.559922789171265,0.3681980505606491,[],"[0.3682, 0.3682]",2.1
H2 singlet,1.0,32,-1.4308526146990248,-1.540197972985403,-1.6021211463405454,-1.6351765980035835,6,6,23,23,6,1,8,2,-1.6682320496666219,0.559099882171093,[1.1182],"[0.7905, 0.7905]",9.2
Li,1.0,16,-8.002682700600417,-8.384029630235304,-8.588689210124407,-8.693450413937967,16,16,16,16,4,3,2,0,-8.798211617751527,0.423111713555205,[],"[0.4231, 0.4231, 0.4231]",3.7
Li,1.5,16,-7.996778598138832,-8.383496728405648,-8.588206852676473,-8.692955448809718,16,16,16,16,3,2,0,0,-8.797704044942964,0.4231602989018678,[],"[0.4231, 0.4232, 0.4232]",5.7
Li,2.0,16,-7.595209093976552,-8.047203959350773,-8.302820909538559,-8.425009610776852,16,16,16,16,2,3,4,0,-8.547198312015146,0.5835363219142655,[],"[0.3661, 0.4176, 0.5836]",6.4
Li,2.5,16,-7.35561470865282,-7.7484388381056,-7.965294730262015,-8.079737614038029,16,16,16,16,2,8,4,2,-8.194180497814044,1.0826033659414775,[],"[0.3512, 0.3784, 1.0827]",7.9
Li,2.767,16,-7.294311710540073,-7.675562643594598,-7.8848445992569225,-7.98756946808815,16,16,16,16,1,2,0,0,-8.09029433691938,1.3663205709121002,[],"[0.3574, 0.3779, 1.3664]",6.9
Li,3.0,16,-7.254905853820324,-7.6296085374623015,-7.834648396091417,-7.935666876163899,16,16,16,16,3,5,3,0,-8.03668535623638,1.5645142229678015,[],"[0.3584, 0.3758, 1.5646]",6.0
Li,3.5,16,-7.194317833759458,-7.560187037991511,-7.759596046012197,-7.858371395282033,16,16,16,16,4,5,6,0,-7.957146744551869,1.9647475215509738,[],"[0.3601, 0.3737, 1.9649]",6.5
Li,4.0,16,-7.152092878972399,-7.512516070215935,-7.7085240072876715,-7.805953561691435,16,16,16,16,5,4,3,0,-7.903383116095201,2.3454311436991224,[],"[0.3614, 0.3729, 2.3456]",7.2
Li,5.0,16,-7.095403352045114,-7.449108386050232,-7.640996857898899,-7.736804456082384,16,16,16,16,3,4,1,0,-7.8326120542658675,3.0800650526963294,[],"[0.3632, 0.3723, 3.0803]",7.6
Li,6.0,16,-7.058360250656676,-7.40787642402719,-7.597225226392781,-7.692040345474323,16,16,16,16,6,5,5,0,-7.786855464555866,3.799242906192722,[],"[0.3645, 0.3721, 3.7995]",12.0
Li,8.0,16,-7.011465962079351,-7.355996172456635,-7.5423443265400545,-7.635988456195634,16,16,16,16,4,3,3,0,-7.729632585851215,5.321975753689278,[],"[0.3658, 0.3726, 5.3224]",8.5
H2 triplet,1.0,32,-1.4308526146990248,-1.540197972985403,-1.6021211463405454,-1.6351765980035835,6,6,23,23,6,1,8,2,-1.6682320496666219,0.559099882171093,[1.1182],"[0.7905, 0.7905]",9.0
H2 triplet,1.5,32,-1.3864884538948252,-1.5094935831563612,-1.5804928657040147,-1.618651873573981,7,7,17,17,5,2,4,5,-1.6568108814439473,0.6005379600132736,[1.0434],"[0.7952, 0.7952]",12.6
H2 triplet,2.0,32,-1.2721895123587148,-1.3647806801439315,-1.4444949899633632,-1.4714881729385643,26,26,6,6,5,5,5,5,-1.498481355913765,1.673821020151384,[1.195],"[0.6396, 1.7761]",7.5
H2 triplet,2.5,32,-1.2253992049151183,-1.3261470153128108,-1.3838399161291353,-1.4148061086122508,32,32,32,32,7,4,3,11,-1.445772301095366,2.3553293952452314,[1.2837],"[0.6413, 1.7141]",6.4
H2 triplet,2.767,32,-1.1995021452075445,-1.2989101506998515,-1.3560907031467109,-1.386887935193606,8,8,8,8,3,4,7,2,-1.4176851672405013,2.711920271340498,[1.2699],"[0.6345, 2.0777]",5.0
H2 triplet,3.0,32,-1.179908115812244,-1.2778013788163307,-1.3341763075731772,-1.364565908311922,10,10,10,10,5,3,8,4,-1.394955509050667,3.0271332158900153,[1.2666],"[0.6329, 2.3947]",5.5
H2 triplet,3.5,32,-1.1463150214961875,-1.241127113403334,-1.295742509899802,-1.325192382419286,6,6,6,6,9,4,3,6,-1.3546422549387698,3.70861986468775,[1.2687],"[0.6341, 3.0753]",5.5
H2 triplet,4.0,32,-1.1213216632634817,-1.213611737057068,-1.2667455281708258,-1.2953894066204474,6,6,6,6,5,8,2,4,-1.3240332850700693,4.393424810809505,[1.2747],"[0.6371, 3.7573]",6.2
H2 triplet,5.0,32,-1.0870713235526686,-1.1757081635853714,-1.2266674634840566,-1.2541193208454777,7,7,7,7,6,7,9,4,-1.2815711782068988,5.767874067150344,[1.2873],"[0.6434, 5.1258]",6.8
H2 triplet,6.0,32,-1.0648496368178373,-1.151021388857364,-1.2005006019478561,-1.2271372791670274,7,7,7,7,7,5,5,4,-1.2537739563861987,7.1461206600678375,[1.2976],"[0.6486, 6.4993]",7.9
H2 triplet,8.0,32,-1.0378452874681514,-1.1209269361142833,-1.1685370920267775,-1.1941403428298496,3,3,3,3,1,4,9,2,-1.2197435936329217,9.909490513176541,[1.312],"[0.6558, 9.2562]",9.6
H3,1.0,32,-2.341376462945065,-2.531215917208764,-2.6402246880880313,-2.702563777073995,19,19,20,1,3,9,4,6,-2.764902866059958,1.075785032006362,"[1.0708, 1.0708, 0.8699]","[0.7117, 0.7117, 0.8668]",27.9
H3,1.5,32,-2.340919451112432,-2.530712748538172,-2.6397506506944834,-2.6984043005164176,6,6,1,2,1,3,2,4,-2.757057950338351,0.9454525356842961,"[1.0422, 1.0427, 1.3898]","[0.6989, 0.7865, 0.787]",32.0
H3,2.0,32,-2.3023852667742752,-2.50831351055957,-2.6281011459185235,-2.692776002270034,8,8,8,8,5,8,3,2,-2.7574508586215445,0.9510513336568296,"[1.0416, 1.3853, 1.0416]","[0.697, 0.7892, 0.7892]",29.1
H3,2.5,32,-2.2078825720866537,-2.391919627339575,-2.498574524691102,-2.556359475029883,8,8,8,8,7,2,1,5,-2.6141444253686634,1.4884480908675628,"[1.1878, 1.3516, 0.9811]","[0.6892, 0.6944, 1.1015]",35.8
H3,2.767,32,-2.1896264083666264,-2.3679212766904563,-2.4714089018597147,-2.527499674432781,3,3,5,5,4,4,6,4,-2.583590447005847,1.662383647136387,"[1.2178, 1.3388, 0.9826]","[0.6919, 0.6953, 1.1259]",42.0
H3,3.0,32,-2.1810388988750855,-2.356139201573938,-2.457420781494354,-2.512309734875182,5,5,5,5,5,6,6,7,-2.56719868825601,1.8024242016661003,"[0.9851, 1.3256, 1.2459]","[0.6942, 0.6968, 1.1309]",41.8
H3,3.5,32,-2.1364795569119956,-2.3183709941943564,-2.4234839682424543,-2.468251694476835,8,11,11,11,6,6,6,2,-2.513019420711216,2.1283420745325525,"[1.4795, 1.4811, 1.0009]","[0.6563, 0.785, 1.1999]",36.5
H3,4.0,32,-2.061872643574419,-2.2401832204225247,-2.343975566952242,-2.400252543902534,5,8,8,8,5,3,4,1,-2.4565295208528264,2.3749083244119182,"[0.9839, 1.7217, 1.7205]","[0.5943, 0.8974, 1.2757]",34.9
H3,5.0,32,-1.9703434136271918,-2.1284490127172724,-2.2190718649781322,-2.267799355572097,1,1,1,1,6,8,5,3,-2.316526846166062,4.647405492263752,"[1.2707, 2.7366, 1.4658]","[0.6347, 0.7322, 3.2474]",34.7
H3,6.0,32,-1.9357946461405937,-2.08932060724286,-2.177106154908191,-2.2242426064680414,1,1,1,1,7,4,1,4,-2.2713790580278923,6.258326907738366,"[1.3031, 2.7352, 1.4321]","[0.6509, 0.7153, 4.8704]",56.0
H3,8.0,32,-1.8995775524665484,-2.0485384564984175,-2.1335193523907283,-2.1790913939024485,1,1,1,1,10,6,8,6,-2.2246634354141688,9.249788275119526,"[1.334, 2.7504, 1.4164]","[0.6663, 0.7074, 7.8625]",70.8
