system,tau_factor,tau,seed,E,err,E_uncorrected,E_growth,walkers,capped_fraction,half_drift,pauli_free,wall_s
H,2,0.02,100,-0.49759729964572075,0.0012341940768474994,-0.4970819189076052,-0.4961736222620319,1997.7,2.8603129010695e-07,0.003249846969766601,True,6.1
H,2,0.02,101,-0.49933050860944717,0.0012324186075649837,-0.4987785544545053,-0.49855255487928485,1998.4,2.8585911827841234e-07,0.0072443651867488135,True,5.7
H,2,0.02,102,-0.49979943665474,0.001399155348679125,-0.4990174659056171,-0.4986997074280995,2000.0,0.0,0.0035985541958580836,True,5.7
H,2,0.02,103,-0.5019138769221909,0.001218929091427813,-0.5014114941402904,-0.5007956226639054,1999.3,4.286451677872928e-07,0.007139484063510115,True,5.8
H,1,0.01,100,-0.49866951684784366,0.001205497977312961,-0.4982229215031761,-0.49803843362460504,2000.5,0.0,-0.004613460613854425,True,11.7
H,1,0.01,101,-0.49858541563039127,0.0012575263119960576,-0.49803978591651776,-0.497989737341392,2000.6,7.140852093601432e-08,-0.0003062270392096278,True,11.8
H,1,0.01,102,-0.49749195852307604,0.0013242687529579846,-0.496917518340504,-0.49699710035530015,1999.9,1.428507839565313e-08,0.007332828963140969,True,11.8
H,1,0.01,103,-0.5047011821121182,0.0013333759472817241,-0.504061778904502,-0.5035582624377849,1999.0,0.0,-0.00016009498203728434,True,11.8
H,0.5,0.005,100,-0.4963294569370278,0.0011985896038507434,-0.4958638425020325,-0.49590467861574977,1999.8,0.0,-0.0015447671389268725,True,22.5
H,0.5,0.005,101,-0.5023640078089134,0.0013309806816033073,-0.5016239511001281,-0.5013971451125847,1999.8,0.0,-0.007594262416837527,True,22.9
H,0.5,0.005,102,-0.5008074595366351,0.001303265487666786,-0.5001656291014464,-0.5012117733401419,2002.0,0.0,-0.0003829445360715722,True,22.7
H,0.5,0.005,103,-0.4987051266440686,0.001081597868291616,-0.49832320971444116,-0.4982166395333155,2000.4,3.5716219237325715e-08,-0.0003485868686282645,True,22.9
Ps,2,0.02,100,-0.2490462338578886,0.0006794949290536519,-0.2488455084790645,-0.24827669052716203,1998.9,0.0,0.001856386845603325,True,5.9
Ps,2,0.02,101,-0.25155549375721065,0.0006905262493304222,-0.2513573572098953,-0.2518992264156949,2001.5,1.4273232955204942e-07,-0.0018311002004195998,True,5.8
Ps,2,0.02,102,-0.24969790652571905,0.0006646055983589222,-0.2495124858616073,-0.24946038302060322,2000.2,0.0,-0.004811077615764825,True,5.8
Ps,2,0.02,103,-0.24813594778239847,0.0005846816281251912,-0.24799995568215372,-0.2482911080746634,2000.6,0.0,-0.0032704470777889516,True,5.8
Ps,1,0.01,100,-0.25238987531773166,0.0006672246552669018,-0.25221235627841854,-0.2532783121483585,2002.0,0.0,-0.0010063482129756274,True,11.5
Ps,1,0.01,101,-0.2499965112547181,0.0006189703354903068,-0.24984523510723425,-0.2501637762655596,2000.4,0.0,0.0022192799961395226,True,11.8
Ps,1,0.01,102,-0.2506291397625371,0.0008020078762583265,-0.2503368572327185,-0.2495948604228736,1999.0,7.145878726634709e-08,-0.00042318566037813365,True,11.9
Ps,1,0.01,103,-0.25240005435279705,0.0006624050271795524,-0.2522200392590713,-0.2521399107863985,1999.8,0.0,-0.005993408773262626,True,12.2
Ps,0.5,0.005,100,-0.2509318044218267,0.0005966010422396376,-0.2507865965657163,-0.250687734940069,1999.7,0.0,-0.0029972595916177847,True,23.0
Ps,0.5,0.005,101,-0.2494200723609051,0.0007614656454949848,-0.24914960253869506,-0.2490018414562612,1999.7,0.0,-4.522115077204569e-06,True,22.7
Ps,0.5,0.005,102,-0.2514533515950768,0.0006464475989111906,-0.2513059945261464,-0.2518968524796276,2001.4,0.0,-0.00423417015959715,True,23.5
Ps,0.5,0.005,103,-0.24869605582317647,0.0006991532266248616,-0.24847946180073366,-0.2488560265535465,2001.2,0.0,0.0032846474580336404,True,23.1
H-,2,0.02,100,-0.5352662416451056,0.0015707279982807361,-0.5348743321015502,-0.5346468001703841,1999.6,3.077873666366959e-07,-0.002616191520608435,True,10.5
H-,2,0.02,101,-0.5143433898425933,0.0014282383894453925,-0.5139865024144914,-0.5126447621638093,1998.4,2.563646760855391e-07,-0.006437958636564156,True,10.4
H-,2,0.02,102,-0.519657735400373,0.0018752715962639499,-0.5188309666156397,-0.5181179824605269,1998.6,3.593351406693125e-07,0.016288833064729946,True,10.3
H-,2,0.02,103,-0.5241152475514217,0.0015932695162004453,-0.523642574453351,-0.5223454308180802,1996.4,2.8235744440022554e-07,0.01347227562371478,True,10.6
H-,1,0.01,100,-0.5206021696256758,0.0018471325034470345,-0.519842665125812,-0.520355867534841,2002.6,0.0,-0.0002160514490033849,True,21.9
H-,1,0.01,101,-0.5204862890832832,0.0018396926876640917,-0.5198114351546143,-0.5202398640701899,2000.3,1.409331184333895e-07,0.008303549571062052,True,21.8
H-,1,0.01,102,-0.5346461530063698,0.0017905153035169769,-0.5339199484106315,-0.5334060813263252,1999.1,0.0,-0.003174111402157176,True,21.3
H-,1,0.01,103,-0.5275857322014296,0.0017181226941696082,-0.526935973115271,-0.5278418940431324,2003.8,1.2801328716474392e-07,-0.005670652835052747,True,21.9
H-,0.5,0.005,100,-0.5308381127880655,0.0017176784951756128,-0.5302223909426654,-0.5296748687968206,2000.3,0.0,0.0068383920204848625,True,43.4
H-,0.5,0.005,101,-0.524855483743272,0.0015765355091133296,-0.5243688552564991,-0.5237563591126351,1998.4,0.0,0.012391931236684584,True,43.4
H-,0.5,0.005,102,-0.5304274025157723,0.0019242099645891218,-0.5296009343931738,-0.5290001813060584,2000.7,0.0,0.0029376003606872425,True,42.3
H-,0.5,0.005,103,-0.5240460610681543,0.0017147334697137512,-0.5234750213353567,-0.5237480787534556,2002.5,0.0,-0.011197585495985929,True,42.6
He,2,0.005,100,-2.922898461086838,0.005553569801507653,-2.9138512358031763,-2.9087110970930614,2004.0,3.054375893366769e-07,0.02122026615875816,True,53.0
He,2,0.005,101,-2.9121428245540297,0.005504315079643467,-2.9020613099651795,-2.8939285892300797,2003.5,6.467801858920608e-07,-0.018513694399505898,True,52.6
He,2,0.005,102,-2.9114167547215395,0.005255626486730253,-2.9046159285885693,-2.900559064293261,2005.6,3.0522865693576344e-07,0.025575314806136173,True,52.8
He,2,0.005,103,-2.9179336089720955,0.005010885257510719,-2.9110513791881782,-2.9058816425990455,2002.8,4.279313938555379e-07,0.003902876548897982,True,54.4
He,1,0.0025,100,-2.904705955501146,0.00562650443793325,-2.8966886581976734,-2.8908362946404726,2002.4,4.077018944495367e-08,0.020201064769143517,True,106.0
He,1,0.0025,101,-2.8967919501878034,0.005506893271903666,-2.889702946263803,-2.8837569052027114,2004.5,1.2726490196215728e-08,-0.01791377045770215,True,107.1
He,1,0.0025,102,-2.902289615118307,0.004973155941221623,-2.8952576507347008,-2.8879939864430866,2000.2,3.826551121387516e-08,-0.0028480399833119563,True,103.9
He,1,0.0025,103,-2.9013120095669236,0.005586504654672257,-2.8926600081256395,-2.886905967166297,2002.1,4.5873208917511234e-08,-0.010805067257392942,True,107.3
He,0.5,0.00125,100,-2.896370759504334,0.004996428699365047,-2.8893023721781446,-2.8838179235291284,2003.9,1.4001729712590237e-08,-0.033169024967851346,True,239.4
He,0.5,0.00125,101,-2.908277186750579,0.005889817718512604,-2.8970546924012117,-2.889925459183378,2005.6,1.1448718367052814e-08,-0.011443322714736581,True,237.0
He,0.5,0.00125,102,-2.8982806536540155,0.00497795445387567,-2.8927574965811824,-2.8883031594445807,2005.2,1.6538588045448788e-08,-0.022883390989838936,True,240.0
He,0.5,0.00125,103,-2.9079690099602,0.005765646135489465,-2.8970883005395485,-2.8902334040063704,2000.1,6.377673937057639e-09,0.023572554175758764,True,240.2
H2+,2,0.02,100,-0.5978973724475187,0.0014915346952697921,-0.5973433130694726,-0.5979284422906184,2002.2,5.378386385736642e-07,-0.004758274114471273,True,10.8
H2+,2,0.02,101,-0.5975603255189923,0.0013412610396196726,-0.5971691309532217,-0.5966168522206612,1999.0,5.900674611300757e-07,-2.5529285175629468e-05,True,10.8
H2+,2,0.02,102,-0.5979866671189744,0.0014127489526549167,-0.5975471950762862,-0.5966341128133097,2000.0,7.438299816012371e-07,-0.0033146773609845637,True,11.1
H2+,2,0.02,103,-0.6009097027285654,0.0014036260379106126,-0.6004327456986164,-0.5996074078219439,2000.4,2.5630674134659104e-07,-0.004557441323712719,True,11.2
H2+,1,0.01,100,-0.5955434314884357,0.0014516376060022351,-0.5950645437805041,-0.5941435048676924,1999.0,1.7964672881399823e-07,-0.0016040231796515814,True,20.4
H2+,1,0.01,101,-0.5973864891503067,0.0013238551929001484,-0.5969769892703525,-0.5962399223220297,2000.0,7.689303836189839e-08,-0.002420652111834287,True,20.8
H2+,1,0.01,102,-0.5979832784770508,0.001467774724620793,-0.5974003837694077,-0.597062391294857,1999.6,3.2060152437817445e-07,0.002900794003646401,True,21.3
H2+,1,0.01,103,-0.5963909336627039,0.001444208758842436,-0.5958063346875794,-0.5953001103445025,2000.5,6.40915304990828e-08,-0.004432258357122132,True,21.6
H2+,0.5,0.005,100,-0.5990735252860617,0.001498414669783193,-0.5983006379633631,-0.5987985284723142,2002.0,1.9215902158262875e-08,0.0007296622415636778,True,42.3
H2+,0.5,0.005,101,-0.596430455458576,0.0013338394901546452,-0.5959206843331488,-0.5954061594733638,2000.0,0.0,-0.00771973515632185,True,41.3
H2+,0.5,0.005,102,-0.5947884572719959,0.0014365697861918852,-0.5942120301638244,-0.5940535295467289,2001.0,0.0,-0.008336100460044182,True,43.1
H2+,0.5,0.005,103,-0.5968057653269928,0.0015601881308663504,-0.5962409379338461,-0.5963626427694422,1999.6,1.0261589530608151e-07,0.001423854288789661,True,42.2
H2,2,0.02,100,-1.1617720435030754,0.0027323690229787752,-1.159987521456766,-1.1584061929432685,2001.2,7.746653445711452e-07,-0.0032462722993162885,True,18.0
H2,2,0.02,101,-1.1620314152074855,0.002633130819531974,-1.1602740516120458,-1.158577599708523,1998.9,1.1751642585842437e-06,0.002313524894024699,True,17.4
H2,2,0.02,102,-1.1611324424231073,0.002362235864847234,-1.1599014499423284,-1.1581527140225227,1999.7,9.502437375186735e-07,0.00025010346792342375,True,17.1
H2,2,0.02,103,-1.175268844585458,0.0028938200046725905,-1.1730093846273448,-1.1712271083151438,1997.0,6.510683380358831e-07,0.007365429229664766,True,17.5
H2,1,0.01,100,-1.1588774575210596,0.0029095507620771057,-1.15667333083641,-1.1556403329973493,2000.2,1.2488773997163624e-07,0.002972511995334992,True,34.8
H2,1,0.01,101,-1.168444373426797,0.002953110644768084,-1.166081311862244,-1.165643704281933,2003.4,1.2484273093024475e-07,-0.011495842072011042,True,35.0
H2,1,0.01,102,-1.1677537379815002,0.0026658637906017035,-1.1658514627036842,-1.1657254587788988,2002.7,2.3726102180155315e-07,0.00809943497603749,True,34.7
H2,1,0.01,103,-1.1706386859935083,0.0027907147427684337,-1.1684944372637942,-1.1685574861451562,2001.2,9.998014019490203e-08,0.014365376802087937,True,35.0
H2,0.5,0.005,100,-1.1662044790577144,0.002890250239205397,-1.1638189640338392,-1.1623107891079514,2001.9,6.243789146840908e-08,0.0065869540679364125,True,68.1
H2,0.5,0.005,101,-1.1614282608205466,0.0031972935554930894,-1.1583757243111217,-1.1574981524085344,1999.8,3.125248340046221e-08,-0.0067840158625951386,True,69.1
H2,0.5,0.005,102,-1.1682322235997422,0.00277765070753052,-1.1662360589099847,-1.1657766727926808,2001.6,0.0,-0.004153698724771893,True,68.1
H2,0.5,0.005,103,-1.1662989913782682,0.0026775511435089393,-1.1646989124291958,-1.1649522154932008,2002.3,0.0,0.014650444944676266,True,68.9
H2 parallel spins,2,0.02,100,-1.1589753590284515,0.003390525017296435,-1.1572936048904374,-1.1556583114205479,2001.4,6.663512382022097e-07,-0.0006826163059225898,False,13.0
H2 parallel spins,2,0.02,101,-1.1621975989166689,0.0031856460108445747,-1.160534164312989,-1.1582993825029442,1998.0,1.5671397861681107e-06,0.0033832906376598526,False,12.7
H2 parallel spins,2,0.02,102,-1.1618136364323184,0.0029411026048540697,-1.160440330823553,-1.1584274181327106,2000.1,1.1334951586588178e-06,-0.0023554344778964342,False,13.2
H2 parallel spins,2,0.02,103,-1.1781706858483922,0.003905890964418588,-1.1752971552469769,-1.172646947103521,1996.5,4.675313659279504e-07,-0.017802556128942326,False,12.8
H2 parallel spins,1,0.01,100,-1.1592201628973855,0.00365176604525677,-1.157191390138849,-1.1560948175982244,1999.3,1.6652655122646472e-07,-0.001927129194748023,False,26.2
H2 parallel spins,1,0.01,101,-1.171109950158733,0.003623522414514891,-1.1686676838713699,-1.1686048469521877,2005.9,1.663409406091149e-07,-0.013799485954026913,False,25.7
H2 parallel spins,1,0.01,102,-1.1722479450217753,0.0032090188422271293,-1.1705095019423122,-1.1700672565919803,2001.7,2.998250920354762e-07,-0.013740434446556815,False,25.8
H2 parallel spins,1,0.01,103,-1.1760409017410964,0.003262598897931516,-1.1739808818753612,-1.1742296195960822,1999.5,8.337309813248763e-08,0.018099039713673326,False,25.7
H2 parallel spins,0.5,0.005,100,-1.1674154057256936,0.003387268688523551,-1.1651399692219189,-1.1638505369528989,2002.0,8.324670195921696e-08,-0.005800471517478867,False,50.9
H2 parallel spins,0.5,0.005,101,-1.1598489705034478,0.0037397038610660197,-1.1572506409249925,-1.1569621915213428,1998.7,4.1685955453020705e-08,0.002423548345894311,False,51.5
H2 parallel spins,0.5,0.005,102,-1.1679268514062346,0.003630602065300203,-1.1655438712329627,-1.1651734305609844,2002.4,0.0,-0.01166865816843421,False,52.4
H2 parallel spins,0.5,0.005,103,-1.1724055116025778,0.0028864456386359957,-1.1714863790859882,-1.1727402894862695,2005.4,0.0,-6.95220255659823e-05,False,50.2
Li (3 electrons),1,0.0011111111111111111,100,-8.64530838827191,0.03418332125478496,-8.620206606359396,-8.575859956972982,2118.4,6.714783526410539e-08,0.010955946080688506,False,91.2
Li (3 electrons),1,0.0011111111111111111,101,-8.70080966092385,0.0392535495265705,-8.626555732709088,-8.563157924525054,2018.6,2.5089597461494743e-08,-0.11235192611910527,False,86.3
Li (3 electrons),1,0.0011111111111111111,102,-8.627917701405172,0.035284005921031314,-8.580099593203109,-8.534506394749034,2019.5,3.0044124904924116e-08,0.18123784693920975,False,86.8
Li (3 electrons),1,0.0011111111111111111,103,-8.642595920562483,0.03153921538860949,-8.618972282973521,-8.575914491786806,2032.4,0.0,0.032571462264952444,False,87.8
