system,fixed_nuclei,E,starts,hits,capped,second_lowest,nucleus_distances,electron_to_nearest_nucleus,electron_widths,nucleus_widths,wall_s
H,False,-0.4052765577670485,16,16,0,,[],[0.0],[1.9462],[0.2973],0.9
H-,False,-0.405275060718542,16,16,0,,[],"[0.0, 0.3606]","[1.9462, 1000.0]",[0.2973],2.4
He,False,-2.25953701933836,16,16,0,,[],"[0.0, 0.0]","[1.1575, 1.1575]",[0.1003],2.4
Li+,False,-5.866507023822052,16,16,2,,[],"[0.0, 0.0]","[0.7175, 0.7175]",[0.055],2.9
Li,False,-6.061554936459785,32,32,6,,[],"[0.0, 0.0, 0.0]","[0.7075, 0.7207, 4.7462]",[0.0547],32.5
H2 singlet,False,-0.9063091600153337,32,32,0,,[1.5496],"[0.7748, 0.7748]","[1.8438, 1.8438]","[0.2615, 0.2615]",6.5
H2 triplet,False,-0.8105531155304133,32,25,0,-0.6019004156527923,[10.3892],"[0.0, 0.0]","[1.9462, 1.9462]","[0.2973, 0.2973]",18.4
H3,False,-1.3115877133071283,32,10,0,-1.3115859970228234,"[8.1311, 6.5815, 1.5496]","[0.0045, 0.7747, 0.7747]","[1.9462, 1.8439, 1.8438]","[0.2973, 0.2615, 0.2615]",102.5
He2,False,-4.519074038676642,32,32,1,,[6.7355],"[0.0, 0.0, 0.0, 0.0]","[1.1575, 1.1575, 1.1575, 1.1575]","[0.1003, 0.1003]",83.3
H,True,-0.4244125551607567,16,16,0,,[],[0.0],[1.88],[0.0016],1.3
H-,True,-0.42441105798070566,16,16,0,,[],"[1.1045, 0.0]","[1000.0, 1.88]",[0.0016],2.7
He,True,-2.300985665198823,16,16,0,,[],"[0.0, 0.0]","[1.1418, 1.1418]",[0.0006],4.0
Li+,True,-5.944905428124912,16,16,3,,[],"[0.0, 0.0]","[0.7104, 0.7104]",[0.0003],5.4
Li,True,-6.140732136012957,32,31,4,-6.140730993778561,[],"[0.0, 0.0, 0.0004]","[0.7005, 0.7137, 4.7271]",[0.0003],49.2
H2 singlet,True,-0.9559336554856372,32,32,4,,[1.4741],"[0.737, 0.737]","[1.7715, 1.7715]","[0.0014, 0.0014]",21.4
H2 triplet,True,-0.8488251103053699,32,23,1,-0.6368088362339677,[13.3778],"[0.0, 0.0]","[1.88, 1.88]","[0.0016, 0.0016]",38.8
H3,True,-1.3803480100166325,32,5,2,-1.3803464633774638,"[1.4741, 7.8732, 6.4]","[0.737, 0.737, 0.004]","[1.7715, 1.7715, 1.88]","[0.0014, 0.0014, 0.0015]",169.6
He2,True,-4.601971326757848,32,31,2,-4.601969690555052,[7.8651],"[0.0, 0.0, 0.0, 0.0]","[1.1418, 1.1418, 1.1418, 1.1418]","[0.0005, 0.0006]",76.6
