run_id,T_final,core_c,seed,free_frac,atom_frac,chain_frac,clusters,largest,neutral_clusters,bind_per_particle,T_measured,spatial_entropy,size_entropy,iso_energy_drift,iso_bond_persistence,anom_singularity,anom_numerical,wall_s
T_final=0.05_core_c=0.03_seed=100,0.05,0.03,100,0.005,0.04,0.955,20,47,13,-0.5269005434603575,0.06364433974156039,0.9721099129672184,0.48156193638526906,1.4996833785992932e-06,0.9868222498384348,0,0,86.44
T_final=0.05_core_c=0.03_seed=101,0.05,0.03,101,0.005,0.04,0.955,20,31,10,-0.5256452005404257,0.060390450968232416,0.9745191453428671,0.5137179440829948,2.701190492959229e-06,0.9837063074892674,0,0,85.75
T_final=0.05_core_c=0.03_seed=102,0.05,0.03,102,0.0,0.06,0.94,23,40,15,-0.5395901858533535,0.06210189142766982,0.9669524455154974,0.5118789908223499,2.9505087451409064e-07,0.9816557968294853,0,0,86.35
T_final=0.05_core_c=0.03_seed=103,0.05,0.03,103,0.0,0.02,0.98,24,25,16,-0.5352020810702307,0.05827565071035711,0.9696752343333556,0.563762868265136,3.676424146643227e-07,0.9859560867782692,0,0,86.76
T_final=0.05_core_c=0.125_seed=100,0.05,0.125,100,0.01,0.02,0.97,11,74,4,-0.4276114002375418,0.0605575543634506,0.9717696792926388,0.33623293867201837,3.588423906925595e-06,0.981142701788778,0,0,86.44
T_final=0.05_core_c=0.125_seed=101,0.05,0.125,101,0.005,0.05,0.945,14,54,8,-0.430988835789179,0.05881402480778898,0.9721815135427839,0.3710622793156981,4.0326534560205983e-07,0.9860007882775326,0,0,85.83
T_final=0.05_core_c=0.125_seed=102,0.05,0.125,102,0.005,0.02,0.975,16,60,9,-0.42869129242137677,0.061081627194188394,0.9620893962795801,0.43884748562552706,2.6549961194221727e-06,0.9818185578653422,0,0,85.88
T_final=0.05_core_c=0.125_seed=103,0.05,0.125,103,0.005,0.06,0.935,19,35,12,-0.43150573758760313,0.05244579430291964,0.981566594266952,0.4722763875636373,3.942101632799041e-06,0.9846195128077673,0,0,86.48
T_final=0.05_core_c=0.5_seed=100,0.05,0.5,100,0.01,0.05,0.94,16,89,8,-0.3443820041414816,0.057249380363813905,0.979470136312912,0.3812878489089612,5.7735569326373645e-06,0.9778898294961447,0,0,85.76
T_final=0.05_core_c=0.5_seed=101,0.05,0.5,101,0.015,0.03,0.955,12,62,8,-0.3578211487837486,0.05215452320943241,0.98183072025042,0.3706330872109505,7.67767727529138e-07,0.9765635278482188,0,0,86.32
T_final=0.05_core_c=0.5_seed=102,0.05,0.5,102,0.01,0.01,0.98,12,69,5,-0.3440775518047992,0.057458034323962466,0.9778797754289114,0.3690382067823968,3.521600291177297e-06,0.9752089159963087,0,0,86.51
T_final=0.05_core_c=0.5_seed=103,0.05,0.5,103,0.005,0.01,0.985,10,91,4,-0.3548181659119257,0.05525970967755281,0.9794305205180036,0.33444480605181387,1.8903827125708205e-07,0.981726873623705,0,0,85.23
T_final=0.1_core_c=0.03_seed=100,0.1,0.03,100,0.005,0.1,0.895,26,41,17,-0.44155148870954947,0.10810948889094173,0.9646316894513924,0.5200491357572451,5.897562105314513e-06,0.9646728795620589,0,0,85.23
T_final=0.1_core_c=0.03_seed=101,0.1,0.03,101,0.01,0.09,0.9,25,35,13,-0.4580263418191841,0.08984676244983777,0.9679328166942421,0.5355602535715368,1.1502774782812652e-05,0.9676141044745092,0,0,85.62
T_final=0.1_core_c=0.03_seed=102,0.1,0.03,102,0.01,0.1,0.89,32,35,22,-0.4472497464357983,0.10992922182781402,0.9656764415064472,0.5867291922936713,9.048152106879566e-06,0.9705779305455368,0,0,86.1
T_final=0.1_core_c=0.03_seed=103,0.1,0.03,103,0.01,0.02,0.97,24,20,12,-0.43838002811932064,0.10828285981459843,0.9759706535641716,0.5656247057851758,2.5780458266455247e-05,0.9703444417611076,0,0,86.1
T_final=0.1_core_c=0.125_seed=100,0.1,0.125,100,0.04,0.08,0.88,22,59,12,-0.3485150200928801,0.10673693275489513,0.9696239495069684,0.49503504319074826,4.919398326963446e-06,0.9656801845773779,0,0,86.75
T_final=0.1_core_c=0.125_seed=101,0.1,0.125,101,0.02,0.02,0.96,14,63,4,-0.3537502896648706,0.09944453469234725,0.9778917659330687,0.3955239506346179,8.319750308508086e-06,0.9664242797027782,0,0,85.46
T_final=0.1_core_c=0.125_seed=102,0.1,0.125,102,0.035,0.11,0.855,26,43,16,-0.33787006566219024,0.1093546934522981,0.9766910734008449,0.5365949454663573,2.597925347141092e-05,0.9642628993270334,0,0,85.44
T_final=0.1_core_c=0.125_seed=103,0.1,0.125,103,0.01,0.13,0.86,31,31,21,-0.3634002050302106,0.09528778778124253,0.9815732772228223,0.5732789071243847,1.1435378511289457e-05,0.9667621006108063,0,0,84.88
T_final=0.1_core_c=0.5_seed=100,0.1,0.5,100,0.04,0.08,0.88,19,37,11,-0.27214133074247837,0.10633999630832963,0.9788927579740162,0.46905807792963394,1.029972270215414e-06,0.954258797263917,0,0,84.95
T_final=0.1_core_c=0.5_seed=101,0.1,0.5,101,0.05,0.06,0.89,20,77,12,-0.2913759897757054,0.09207769524405104,0.9820489245731409,0.4558168727501432,2.1564450558506496e-06,0.9627092013367434,0,0,85.49
T_final=0.1_core_c=0.5_seed=102,0.1,0.5,102,0.045,0.09,0.865,24,38,18,-0.2609829410237354,0.11788223364251937,0.9813931030494547,0.5176324999288525,8.969978115639266e-06,0.9503379417987455,0,0,87.72
T_final=0.1_core_c=0.5_seed=103,0.1,0.5,103,0.02,0.04,0.94,19,39,9,-0.28742780010807367,0.1044691421424102,0.9883892115297993,0.4973170098748508,9.787429221323515e-07,0.9593552396485803,0,0,86.16
T_final=0.15_core_c=0.03_seed=100,0.15,0.03,100,0.035,0.05,0.915,28,17,17,-0.39529927449774827,0.14961613367778498,0.9672825037958664,0.6064635423534407,9.931492323371739e-06,0.9559457910647933,0,0,87.46
T_final=0.15_core_c=0.03_seed=101,0.15,0.03,101,0.025,0.08,0.895,29,38,19,-0.38898594585990565,0.13361289214612523,0.9771538327732433,0.5781798442594678,5.079045965769353e-05,0.9624074404006808,0,0,87.57
T_final=0.15_core_c=0.03_seed=102,0.15,0.03,102,0.025,0.07,0.905,24,27,15,-0.37866883089103065,0.15100216373121053,0.9781916381830725,0.5512686679388198,1.3930221881934632e-06,0.9501229858464899,0,0,88.2
T_final=0.15_core_c=0.03_seed=103,0.15,0.03,103,0.02,0.07,0.91,24,37,16,-0.3936361295933732,0.134989262378952,0.9683313406500005,0.5225658445514891,9.955263645827006e-06,0.9598134049913511,0,0,88.47
T_final=0.15_core_c=0.125_seed=100,0.15,0.125,100,0.065,0.13,0.805,24,46,16,-0.2805919111397431,0.15118100475844076,0.9785353816818901,0.5287811603805795,6.202259209254721e-06,0.9511228815456498,0,0,86.41
T_final=0.15_core_c=0.125_seed=101,0.15,0.125,101,0.07,0.08,0.85,23,33,13,-0.3192251628487155,0.12672498758426887,0.9687386819782843,0.5441301005191335,1.650174480385027e-05,0.9567442827384411,0,0,85.31
T_final=0.15_core_c=0.125_seed=102,0.15,0.125,102,0.07,0.08,0.85,27,33,15,-0.2796416827123125,0.15237137217282629,0.9807554214346228,0.5861040309861706,3.064305036069868e-06,0.9404701782779077,0,0,86.66
T_final=0.15_core_c=0.125_seed=103,0.15,0.125,103,0.03,0.09,0.88,21,54,14,-0.28983687084515214,0.1583790529183184,0.9803549227155638,0.4831817367432356,3.8638394760691636e-05,0.9564922947154159,0,0,86.48
T_final=0.15_core_c=0.5_seed=100,0.15,0.5,100,0.09,0.08,0.83,25,33,19,-0.21971730507462292,0.15825055116711909,0.978291090321568,0.5903029183667114,2.118814998791713e-06,0.9356927952552351,0,0,84.56
T_final=0.15_core_c=0.5_seed=101,0.15,0.5,101,0.075,0.09,0.835,30,38,19,-0.24376156487485112,0.1361733524198642,0.9854884233526544,0.6048752798991731,5.190083187689139e-05,0.9353124561497277,0,0,84.92
T_final=0.15_core_c=0.5_seed=102,0.15,0.5,102,0.06,0.1,0.84,28,35,18,-0.22036668023393385,0.15770994624609738,0.9833861353006258,0.5741633619331246,8.49011800366797e-05,0.9380194540289735,0,0,85.95
T_final=0.15_core_c=0.5_seed=103,0.15,0.5,103,0.04,0.15,0.81,37,34,28,-0.2436419050706252,0.1443087101708075,0.9901527977759724,0.6299981276645233,1.094896564685731e-05,0.9448814219988877,0,0,86.04
T_final=0.2_core_c=0.03_seed=100,0.2,0.03,100,0.025,0.12,0.855,27,32,15,-0.29958507153002745,0.2120786829787076,0.971823673510523,0.5441349790387281,4.9714276935983814e-05,0.943685036632183,0,0,83.27
T_final=0.2_core_c=0.03_seed=101,0.2,0.03,101,0.03,0.14,0.83,30,40,19,-0.31464166666561255,0.17056283674106987,0.9816200549336632,0.5577891297980345,1.2601767070331705e-05,0.9447869648786993,0,0,84.92
T_final=0.2_core_c=0.03_seed=102,0.2,0.03,102,0.05,0.12,0.83,31,42,21,-0.2985642660966359,0.21488027543822383,0.9753524872657771,0.5918568636353042,1.1314283830315849e-05,0.93364176151058,0,0,84.76
T_final=0.2_core_c=0.03_seed=103,0.2,0.03,103,0.045,0.13,0.825,32,27,21,-0.33114307967298445,0.19326326322121942,0.9676850155096824,0.6136718833126207,1.3939609070879847e-05,0.9398129691433599,0,0,84.95
T_final=0.2_core_c=0.125_seed=100,0.2,0.125,100,0.08,0.06,0.86,27,21,13,-0.23462722508140635,0.2201618576699169,0.9764324560426874,0.6183909910269393,8.458467939308621e-05,0.9310747410174398,0,0,84.4
T_final=0.2_core_c=0.125_seed=101,0.2,0.125,101,0.06,0.09,0.85,27,29,14,-0.2321717041427818,0.18697413753095804,0.977749351020994,0.5804585795701148,5.306657502448647e-06,0.9374701402315571,0,0,84.42
T_final=0.2_core_c=0.125_seed=102,0.2,0.125,102,0.085,0.15,0.765,28,29,20,-0.21658744666154953,0.2273273709271755,0.9834082487738536,0.5882891049906954,7.165673219940931e-06,0.9169187027323449,0,0,84.65
T_final=0.2_core_c=0.125_seed=103,0.2,0.125,103,0.065,0.12,0.815,33,31,19,-0.27572066247308114,0.16946053977749118,0.9766196324786335,0.6285161565826283,3.263053955711324e-05,0.9449553929400732,0,0,85.48
T_final=0.2_core_c=0.5_seed=100,0.2,0.5,100,0.075,0.07,0.855,26,36,19,-0.16832883247126085,0.2053701584172761,0.9821846009119922,0.5652137060384747,0.0001094475478176765,0.9233345610621233,0,0,84.54
T_final=0.2_core_c=0.5_seed=101,0.2,0.5,101,0.095,0.14,0.765,32,22,23,-0.19919492038065417,0.18250993264172016,0.9880070679903018,0.64635813224446,8.31825489343002e-05,0.9320018174979268,0,0,84.73
T_final=0.2_core_c=0.5_seed=102,0.2,0.5,102,0.1,0.09,0.81,31,25,17,-0.17490617950232235,0.2229060304784361,0.9863625532350626,0.6551778203645678,0.00011421249463136611,0.9122134781059265,0,0,84.84
T_final=0.2_core_c=0.5_seed=103,0.2,0.5,103,0.135,0.08,0.785,29,19,16,-0.2072307864748792,0.1849877240907434,0.9893328217648024,0.666418631593394,4.2178256200566027e-05,0.9275909571626297,0,0,85.8
T_final=0.3_core_c=0.03_seed=100,0.3,0.03,100,0.12,0.08,0.8,26,20,15,-0.1767047256679786,0.30037463733179104,0.964597314585947,0.6337662603588746,0.0018440016076298506,0.9097286561603131,0,1,83.67
T_final=0.3_core_c=0.03_seed=101,0.3,0.03,101,0.11,0.1,0.79,36,23,16,-0.23160162285935268,0.24403472909651205,0.9748965148852499,0.6838188143029063,1.4502161624025137e-05,0.9127428142436358,0,0,85.1
T_final=0.3_core_c=0.03_seed=102,0.3,0.03,102,0.115,0.09,0.795,32,24,16,-0.20041110854974994,0.33741651611918627,0.9758144493976472,0.6736051018450687,0.0001730949145788876,0.9074371376628033,0,0,85.61
T_final=0.3_core_c=0.03_seed=103,0.3,0.03,103,0.085,0.11,0.805,37,35,20,-0.22672954235439993,0.2858691228964625,0.9784882856905833,0.6644407193242171,8.802173014226806e-05,0.914603510387796,0,0,85.41
T_final=0.3_core_c=0.125_seed=100,0.3,0.125,100,0.16,0.13,0.71,31,20,22,-0.15746471229360412,0.3012332257425417,0.9783065764562792,0.6804705259165438,3.374569714294968e-06,0.8969159603407393,0,0,83.94
T_final=0.3_core_c=0.125_seed=101,0.3,0.125,101,0.09,0.1,0.81,29,19,18,-0.18651074881862215,0.2748883627163909,0.9870520008023145,0.6354076835044292,5.798891235301371e-05,0.9155805645139177,0,0,85.43
T_final=0.3_core_c=0.125_seed=102,0.3,0.125,102,0.15,0.05,0.8,32,13,11,-0.14311428990946215,0.3327244416578354,0.9835927714356559,0.708674210098255,0.00013204641458413455,0.9019449705585414,0,0,86.89
T_final=0.3_core_c=0.125_seed=103,0.3,0.125,103,0.135,0.12,0.745,35,29,21,-0.16822151170853383,0.2881116347750839,0.9828921883880983,0.6802365672511363,0.0002666425347944932,0.9101104874213288,0,0,86.55
T_final=0.3_core_c=0.5_seed=100,0.3,0.5,100,0.13,0.15,0.72,35,27,15,-0.09141981678905768,0.30930744084195533,0.9816225490544528,0.6693323538122624,0.005806567715484671,0.8907334706794806,0,2,84.78
T_final=0.3_core_c=0.5_seed=101,0.3,0.5,101,0.15,0.18,0.67,41,14,27,-0.1559501585484727,0.25204677201690473,0.9851926843203778,0.7379757262677203,0.0003311582766293618,0.8937770199652404,0,0,84.54
T_final=0.3_core_c=0.5_seed=102,0.3,0.5,102,0.19,0.09,0.72,30,20,14,-0.074892191976544,0.3297201426952898,0.9872924782516173,0.7051684725537436,0.00157472956144521,0.8818225403181386,0,1,85.01
T_final=0.3_core_c=0.5_seed=103,0.3,0.5,103,0.15,0.13,0.72,34,24,24,-0.10640929023973704,0.28044986046546405,0.9880183652899321,0.6980212967813539,0.0003918284077121632,0.897714800648947,0,0,85.76
