T_final,core_c,n,free_frac_mean,free_frac_std,free_frac_sem,atom_frac_mean,atom_frac_std,atom_frac_sem,chain_frac_mean,chain_frac_std,chain_frac_sem,clusters_mean,clusters_std,clusters_sem,largest_mean,largest_std,largest_sem,neutral_clusters_mean,neutral_clusters_std,neutral_clusters_sem,bind_per_particle_mean,bind_per_particle_std,bind_per_particle_sem,T_measured_mean,T_measured_std,T_measured_sem,spatial_entropy_mean,spatial_entropy_std,spatial_entropy_sem,size_entropy_mean,size_entropy_std,size_entropy_sem,iso_energy_drift_mean,iso_energy_drift_std,iso_energy_drift_sem,iso_bond_persistence_mean,iso_bond_persistence_std,iso_bond_persistence_sem,anom_singularity_mean,anom_singularity_std,anom_singularity_sem,anom_numerical_mean,anom_numerical_std,anom_numerical_sem
0.05,0.03,4,0.0025,0.002886751345948129,0.0014433756729740645,0.04,0.01632993161855452,0.00816496580927726,0.9574999999999999,0.016583123951777013,0.008291561975888507,21.75,2.0615528128088303,1.0307764064044151,35.75,9.7082439194738,4.8541219597369,13.5,2.6457513110645907,1.3228756555322954,-0.5318345027310918,0.006686868231985756,0.003343434115992878,0.06110308321195494,0.002306355123488621,0.0011531775617443106,0.9708141845397346,0.0032463252339871417,0.0016231626169935709,0.5177304348889374,0.03404646181654416,0.01702323090827208,1.2158917901842338e-06,1.13344973380125e-06,5.66724866900625e-07,0.9845351102338642,0.002325764503744347,0.0011628822518721736,0.0,0.0,0.0,0.0,0.0,0.0
0.05,0.125,4,0.00625,0.0025,0.00125,0.037500000000000006,0.0206155281280883,0.01030776406404415,0.95625,0.01931105037709409,0.009655525188547044,15.0,3.366501646120693,1.6832508230603465,55.75,16.17353805861084,8.08676902930542,8.25,3.304037933599835,1.6520189667999174,-0.42969931650892523,0.001853062690522881,0.0009265313452614405,0.058224750167086906,0.00397271096560523,0.001986355482802615,0.9719017958454887,0.007953766624316641,0.0039768833121583205,0.4046047727942202,0.06205324970684002,0.03102662485342001,2.6471967511872167e-06,1.5914329176602376e-06,7.957164588301188e-07,0.9833953901848551,0.0022983748309717547,0.0011491874154858773,0.0,0.0,0.0,0.0,0.0,0.0
0.05,0.5,4,0.01,0.00408248290463863,0.002041241452319315,0.024999999999999998,0.019148542155126763,0.009574271077563382,0.965,0.021213203435596444,0.010606601717798222,12.5,2.516611478423583,1.2583057392117916,77.75,14.453949863849212,7.226974931924606,6.25,2.0615528128088303,1.0307764064044151,-0.3502747176604888,0.0070880293916716665,0.0035440146958358332,0.055530411893690394,0.0024590299532735583,0.0012295149766367792,0.9796527881275617,0.0016299005017696338,0.0008149502508848169,0.3638509872385306,0.02034430111466035,0.010172150557330175,2.5629908056502205e-06,2.5874790522353257e-06,1.2937395261176628e-06,0.9778472867410943,0.0028084421154624924,0.0014042210577312462,0.0,0.0,0.0,0.0,0.0,0.0
0.1,0.03,4,0.00875,0.0025,0.00125,0.07750000000000001,0.038622100754188225,0.019311050377094113,0.9137500000000001,0.03772156765918756,0.01886078382959378,26.75,3.593976442141304,1.796988221070652,32.75,8.958236433584458,4.479118216792229,16.0,4.546060565661952,2.273030282830976,-0.44630190127096314,0.008634879083492726,0.004317439541746363,0.10404208324579797,0.009499008856589832,0.004749504428294916,0.9685529003040633,0.00513346786219292,0.00256673393109646,0.5519908218519072,0.02990469336988711,0.014952346684943555,1.3057236815365495e-05,8.786930037612265e-06,4.393465018806133e-06,0.9683023390858031,0.0027685822570874576,0.0013842911285437288,0.0,0.0,0.0,0.0,0.0,0.0
0.1,0.125,4,0.02625,0.013768926368215256,0.006884463184107628,0.085,0.04795831523312719,0.023979157616563596,0.8887499999999999,0.048712592485584925,0.024356296242792463,23.25,7.182153808805081,3.5910769044025406,49.0,14.787382008545888,7.393691004272944,13.25,7.182153808805081,3.5910769044025406,-0.35088389511253787,0.01064339478278068,0.00532169739139034,0.10270598717019574,0.006483840733495458,0.003241920366747729,0.9764450165159262,0.004999321316779073,0.0024996606583895364,0.5001082116040271,0.07670036312634677,0.03835018156317339,1.2663445154542977e-05,9.267449217468206e-06,4.633724608734103e-06,0.9657823660544989,0.0011092269264088874,0.0005546134632044437,0.0,0.0,0.0,0.0,0.0,0.0
0.1,0.5,4,0.03875,0.013149778198382917,0.006574889099191458,0.0675,0.02217355782608345,0.011086778913041726,0.8937499999999999,0.03249999999999997,0.016249999999999987,20.5,2.3804761428476167,1.1902380714238083,47.75,19.517086531208154,9.758543265604077,12.5,3.872983346207417,1.9364916731037085,-0.27798201541249823,0.014044020379349051,0.007022010189674526,0.10519226683432756,0.010565154011419671,0.0052825770057098355,0.9826809992816027,0.004041148946229051,0.0020205744731145257,0.48495611512087006,0.027823137108721967,0.013911568554360983,3.2837845909594203e-06,3.829559517738161e-06,1.9147797588690807e-06,0.9566652950119965,0.005464773124505429,0.0027323865622527147,0.0,0.0,0.0,0.0,0.0,0.0
0.15,0.03,4,0.026250000000000002,0.006291528696058959,0.0031457643480294795,0.0675,0.012583057392117916,0.006291528696058958,0.90625,0.008539125638299673,0.004269562819149837,26.25,2.6299556396765835,1.3149778198382918,29.75,9.844626283748239,4.9223131418741195,16.75,1.707825127659933,0.8539125638299665,-0.3891475452105144,0.007479321072684909,0.0037396605363424545,0.1423051129835182,0.009276602978358561,0.0046383014891792805,0.9727398288505458,0.00572779249492021,0.002863896247460105,0.5646194747758044,0.03597017964099883,0.017985089820499414,1.8017559453771433e-05,2.2217285480776423e-05,1.1108642740388212e-05,0.9570724055758288,0.005339768072656283,0.0026698840363281414,0.0,0.0,0.0,0.0,0.0,0.0
0.15,0.125,4,0.058750000000000004,0.019311050377094116,0.009655525188547058,0.095,0.02380476142847617,0.011902380714238084,0.84625,0.030923292192132433,0.015461646096066217,23.75,2.5,1.25,41.5,10.344080432788601,5.172040216394301,14.5,1.2909944487358056,0.6454972243679028,-0.2923239068864808,0.018514331879401488,0.009257165939700744,0.14716410435846358,0.0139855126544482,0.0069927563272241,0.9770961019525902,0.00565474805223812,0.00282737402611906,0.5355492571572797,0.04249541292102433,0.021247706460512165,1.6101675952466625e-05,1.6083482645189573e-05,8.041741322594787e-06,0.9512074093193537,0.007613195918719622,0.003806597959359811,0.0,0.0,0.0,0.0,0.0,0.0
0.15,0.5,4,0.06624999999999999,0.021360009363293825,0.010680004681646912,0.10500000000000001,0.031091263510296046,0.015545631755148023,0.82875,0.013149778198382875,0.006574889099191438,30.0,5.0990195135927845,2.5495097567963922,35.0,2.160246899469287,1.0801234497346435,21.0,4.69041575982343,2.345207879911715,-0.2318718638135083,0.01366261821978807,0.006831309109894035,0.14911064000097204,0.010769060374867474,0.005384530187433737,0.9843296116877052,0.004919560572371036,0.002459780286185518,0.5998349219658831,0.023700297278334646,0.011850148639167323,3.746744813980503e-05,3.834508776202976e-05,1.917254388101488e-05,0.938476531858206,0.004434414746047108,0.002217207373023554,0.0,0.0,0.0,0.0,0.0,0.0
0.2,0.03,4,0.037500000000000006,0.011902380714238084,0.005951190357119042,0.1275,0.00957427107756339,0.004787135538781695,0.835,0.013540064007726612,0.006770032003863306,30.0,2.160246899469287,1.0801234497346435,35.25,6.994045086119096,3.497022543059548,19.0,2.8284271247461903,1.4142135623730951,-0.3109835209913151,0.01531831559794346,0.00765915779897173,0.1976962645948052,0.020477781418799714,0.010238890709399857,0.9741203078049114,0.005900621131886438,0.002950310565943219,0.5768632139461718,0.03169987233295013,0.015849936166475065,2.1892484226877806e-05,1.8578806220243876e-05,9.289403110121938e-06,0.9404816830412055,0.005034170926490558,0.002517085463245279,0.0,0.0,0.0,0.0,0.0,0.0
0.2,0.125,4,0.07250000000000001,0.011902380714238086,0.005951190357119043,0.105,0.03872983346207417,0.019364916731037084,0.8225,0.042914643965279095,0.021457321982639548,28.75,2.8722813232690143,1.4361406616345072,27.5,4.43471156521669,2.217355782608345,16.5,3.5118845842842465,1.7559422921421233,-0.2397767595897047,0.025259077329232417,0.012629538664616208,0.2009809764763854,0.0273968865071023,0.01369844325355115,0.978552422079042,0.003289068137992054,0.001644534068996027,0.6039137080425945,0.02315990406545869,0.011579952032729345,3.242188741814726e-05,3.694190236638573e-05,1.8470951183192866e-05,0.9326047442303537,0.011896826040422213,0.005948413020211107,0.0,0.0,0.0,0.0,0.0,0.0
0.2,0.5,4,0.10125,0.0249582985531199,0.01247914927655995,0.09500000000000001,0.031091263510296056,0.015545631755148028,0.8037500000000001,0.038810436740650045,0.019405218370325023,29.5,2.6457513110645907,1.3228756555322954,25.5,7.416198487095663,3.7080992435478315,18.75,3.095695936834452,1.547847968417226,-0.18741517970727917,0.018727736104875707,0.009363868052437854,0.19894346140704394,0.018976569963026112,0.009488284981513056,0.9864717609755398,0.0031056134235977082,0.0015528067117988541,0.6332920725602242,0.04612208716827943,0.023061043584139716,8.725521189597722e-05,3.30036027553696e-05,1.65018013776848e-05,0.9237852034571516,0.008487332005882016,0.004243666002941008,0.0,0.0,0.0,0.0,0.0,0.0
0.3,0.03,4,0.1075,0.015545631755148023,0.0077728158775740115,0.095,0.012909944487358058,0.006454972243679029,0.7975000000000001,0.006454972243679034,0.003227486121839517,32.75,4.9916597106239795,2.4958298553119898,25.5,6.557438524302,3.278719262151,16.75,2.217355782608345,1.1086778913041726,-0.2088617498578703,0.025441746376709144,0.012720873188354572,0.29192375136098797,0.03860494829391347,0.019302474146956735,0.9734491411398568,0.006094735024506644,0.003047367512253322,0.6639077239577666,0.021596933181707672,0.010798466590853836,0.0005299051034937578,0.0008784577852176758,0.0004392288926088379,0.911128029613637,0.0031763409487136607,0.0015881704743568304,0.0,0.0,0.0,0.25,0.5,0.25
0.3,0.125,4,0.13375,0.030923292192132454,0.015461646096066227,0.1,0.03559026084010437,0.017795130420052183,0.7662500000000001,0.04714781719938549,0.023573908599692744,31.75,2.5,1.25,20.25,6.601767440112787,3.3008837200563934,18.0,4.96655480858378,2.48327740429189,-0.16382781568255556,0.018288058536606658,0.009144029268303329,0.29923941622296296,0.024779181662611546,0.012389590831305773,0.982960884270587,0.0035964712436938606,0.0017982356218469303,0.6761972466925912,0.030293666241391327,0.015146833120695664,0.0001150131078614841,0.00011401248282968886,5.700624141484443e-05,0.9061379957086317,0.008318056509505001,0.004159028254752501,0.0,0.0,0.0,0.0,0.0,0.0
0.3,0.5,4,0.155,0.025166114784235832,0.012583057392117916,0.13749999999999998,0.03774917217635375,0.018874586088176874,0.7075,0.024999999999999967,0.012499999999999983,35.0,4.546060565661952,2.273030282830976,21.25,5.619905100029122,2.809952550014561,20.0,6.48074069840786,3.24037034920393,-0.10716786438845285,0.03497621902134589,0.017488109510672947,0.2928810540049035,0.03390633076751804,0.01695316538375902,0.985531519229095,0.0028682304028158517,0.0014341152014079258,0.7026244623537701,0.028200103265992583,0.014100051632996291,0.0020260709903178516,0.0025845271972669997,0.0012922635986334999,0.8910119579029516,0.006760094175072815,0.0033800470875364075,0.0,0.0,0.0,0.75,0.9574271077563381,0.47871355387816905
