label,alpha,seed,dt,r0,E0,collapsed_at,breakdown_at,r_min_seen,E_last_good,E_final,r_final,rp_final,t_final,wall_s
coulomb_only,0.0,0,0.002,6.1848084366072715,-0.10413625866014205,,32.31999999999949,0.06895960926128217,-1.0991377154117608,59822.89668895449,10.776208898581213,3726.4631035288317,32.31999999999949,2.2
coulomb_only,0.0,1,0.002,5.559108123501284,0.011578828375408995,,50.5199999999991,0.07162043919617653,-1.0951422062032135,555.7599942751899,1.035275202351124,34.5361006039234,50.5199999999991,3.4
coulomb_only,0.0,2,0.002,4.308060671246582,-0.09925650561959903,,20.679999999999737,0.15029979725422477,-0.9996907477362664,1162986.0566235818,16.810612842008993,25631.11972222833,20.679999999999737,1.4
coulomb_only,0.0,3,0.002,3.428245835718122,-0.10974221387866305,,17.439999999999806,0.04477276673714214,-22.33019026392895,1008.6186526701727,1.30415767699518,58.58081186151487,17.439999999999806,1.2
uncertainty,2.0,0,0.002,6.1848084366072715,-0.10413625866014205,,,1.221920009045586,-0.3997822217482827,-0.3997822217482827,1.2502385310663124,0.9999999718565045,150.0,25.4
uncertainty,2.0,1,0.002,5.559108123501284,0.011578828375408995,,,1.2151345121360622,-0.3997822316422007,-0.3997822316422007,1.2502846601101694,0.999999973645153,150.0,25.5
uncertainty,2.0,2,0.002,4.308060671246582,-0.09925650561959903,,,1.215658348130057,-0.39978225469570866,-0.39978225469570866,1.250422360914078,0.9999999856529878,150.0,25.5
uncertainty,2.0,3,0.002,3.428245835718122,-0.10974221387866305,,,1.2162918625467039,-0.3997822629107842,-0.3997822629107842,1.2504946245485522,0.9999999897717137,150.0,25.5
uncertainty,2.0,4,0.002,7.715280527861838,-0.06307431602155852,,,1.2252076265650396,-0.3997821835205418,-0.3997821835205418,1.2500934368044474,0.9999999618804986,150.0,25.5
uncertainty,2.0,5,0.002,7.025014618726901,-0.012650065744796074,,,1.2162914322764156,-0.3997822010421803,-0.3997822010421803,1.2501549409092516,0.9999999647881591,150.0,26.2
uncertainty,2.0,6,0.002,5.690821757359716,-0.09164395213173246,,,1.2250468502276302,-0.3997822329673233,-0.3997822329673233,1.2502912533441117,0.9999999764666601,150.0,24.7
uncertainty,2.0,7,0.002,6.125477333023335,0.0025263461648278307,,,1.2275476809261756,-0.39978222747814085,-0.39978222747814085,1.2502646214992448,0.9999999769360279,150.0,25.6
uncertainty,5.0,0,0.002,6.1848084366072715,-0.10413625866014205,,,1.0962197417622668,-0.454297999902526,-0.454297999902526,1.1002884901417123,0.9999999941384162,150.0,25.6
uncertainty,5.0,1,0.002,5.559108123501284,0.011578828375408995,,,1.0982340491856382,-0.4542980068545733,-0.4542980068545733,1.1003198949603386,0.9999999945317678,150.0,25.7
uncertainty,5.0,2,0.002,4.308060671246582,-0.09925650561959903,,,1.0962372183094022,-0.454298023385135,-0.454298023385135,1.1004149714197158,0.9999999968979137,150.0,26.1
uncertainty,5.0,3,0.002,3.428245835718122,-0.10974221387866305,,,1.0956398928632594,-0.4542980293932184,-0.4542980293932184,1.1004653520160161,0.999999997778636,150.0,25.9
uncertainty,5.0,4,0.002,7.715280527861838,-0.06307431602155852,,,1.0939820531776718,-0.4542979731474916,-0.4542979731474916,1.1001895263312782,0.9999999921467649,150.0,26.0
uncertainty,5.0,5,0.002,7.025014618726901,-0.012650065744796074,,,1.0992244248384668,-0.4542979853810097,-0.4542979853810097,1.1002314527275112,0.9999999927610622,150.0,25.8
uncertainty,5.0,6,0.002,5.690821757359716,-0.09164395213173246,,,1.094146932825472,-0.45429800786424807,-0.45429800786424807,1.1003247550900943,0.9999999950429443,150.0,25.7
uncertainty,5.0,7,0.002,6.125477333023335,0.0025263461648278307,,,1.0964979088756122,-0.4542980039825382,-0.4542980039825382,1.1003065117009232,0.9999999950762632,150.0,26.4
uncertainty,10.0,0,0.002,6.1848084366072715,-0.10413625866014205,,,1.0502897828107178,-0.4759312438075425,-0.4759312438075425,1.0502990436816448,0.9999999976640513,150.0,25.2
uncertainty,10.0,1,0.002,5.559108123501284,0.011578828375408995,,,1.0503194001741396,-0.4759312499146917,-0.4759312499146917,1.0503263485384553,0.9999999978233229,150.0,26.3
uncertainty,10.0,2,0.002,4.308060671246582,-0.09925650561959903,,,1.0504038542306062,-0.4759312645327275,-0.4759312645327275,1.0504093972538024,0.9999999987490503,150.0,26.1
uncertainty,10.0,3,0.002,3.428245835718122,-0.10974221387866305,,,1.0504495126355968,-0.4759312698851192,-0.4759312698851192,1.0504535988323183,0.9999999991031797,150.0,25.5
uncertainty,10.0,4,0.002,7.715280527861838,-0.06307431602155852,,,1.0502028005455701,-0.47593122033468177,-0.47593122033468177,1.0502129507815137,0.9999999968812037,150.0,25.8
uncertainty,10.0,5,0.002,7.025014618726901,-0.012650065744796074,,,1.0502370233420804,-0.4759312310589282,-0.4759312310589282,1.0502494173688692,0.9999999971270123,150.0,25.6
uncertainty,10.0,6,0.002,5.690821757359716,-0.09164395213173246,,,1.050322077329604,-0.47593125082342363,-0.47593125082342363,1.0503306757216764,0.9999999980173224,150.0,25.3
uncertainty,10.0,7,0.002,6.125477333023335,0.0025263461648278307,,,1.0503067637272132,-0.47593124740634396,-0.47593124740634396,1.050314782326196,0.9999999980226375,150.0,25.5
uncertainty,20.0,0,0.002,6.1848084366072715,-0.10413625866014205,,,1.0252946138952648,-0.4875393256546754,-0.4875393256546754,1.025303211411191,0.9999999989597322,150.0,25.1
uncertainty,20.0,1,0.002,5.559108123501284,0.011578828375408995,,,1.0253221530739067,-0.48753933136408323,-0.48753933136408323,1.0253286076478978,0.9999999990312027,150.0,25.9
uncertainty,20.0,2,0.002,4.308060671246582,-0.09925650561959903,,,1.025400836903964,-0.4875393450755942,-0.4875393450755942,1.0254060338293844,0.9999999994396853,150.0,25.6
uncertainty,20.0,3,0.002,3.428245835718122,-0.10974221387866305,,,1.0254435262250774,-0.4875393501156871,-0.4875393501156871,1.0254473467706053,0.9999999995981299,150.0,26.0
uncertainty,20.0,4,0.002,7.715280527861838,-0.06307431602155852,,,1.0252137111575854,-0.4875393037246588,-0.4875393037246588,1.0252231140717547,0.9999999986134782,150.0,26.3
uncertainty,20.0,5,0.002,7.025014618726901,-0.012650065744796074,,,1.0252455571549612,-0.48753931374003134,-0.48753931374003134,1.0252570377215817,0.9999999987231547,150.0,25.5
uncertainty,20.0,6,0.002,5.690821757359716,-0.09164395213173246,,,1.0253246686614748,-0.48753933222377094,-0.48753933222377094,1.0253326794024133,0.9999999991154701,150.0,25.7
uncertainty,20.0,7,0.002,6.125477333023335,0.0025263461648278307,,,1.0253104040939334,-0.48753932902584374,-0.48753932902584374,1.0253178819323978,0.9999999991161079,150.0,26.3
uncertainty_half_dt,20.0,0,0.001,6.1848084366072715,-0.10413625866014205,,,1.0252946138952639,-0.4875393256546754,-0.4875393256546754,1.0253032114111973,0.9999999989597319,150.0,51.6
uncertainty_half_dt,20.0,1,0.001,5.559108123501284,0.011578828375408995,,,1.0253221493485336,-0.48753933136408323,-0.48753933136408323,1.0253286076479005,0.9999999990312031,150.0,52.3
