system,tau_factor,tau,seed,E,err,V_average,walkers,node_kill_rate,capped_fraction,has_node,wall_s
He+,2,0.005,100,-1.9897618623980609,0.006398069472513984,-1.992844693747776,1995.0,0.0,1.910191282376474e-07,False,19.1
He+,2,0.005,101,-1.999165312091793,0.005648815296178925,-1.9993440997794645,2000.5,0.0,2.3810008229810294e-08,False,19.4
He+,2,0.005,102,-1.9990609291294847,0.005850855086487696,-1.9973469873083538,2004.2,0.0,3.8034754684984396e-07,False,20.7
He+,2,0.005,103,-1.9921922078667507,0.005517199306575288,-1.9941770054442591,1996.9,0.0,1.192467597167417e-07,False,20.1
He+,1,0.0025,100,-1.9936539189567626,0.0060278616144822505,-1.9953525134610208,1997.8,0.0,0.0,False,39.5
He+,1,0.0025,101,-1.9924116817556656,0.005895431203334236,-1.9940850646778916,1997.7,0.0,0.0,False,38.1
He+,1,0.0025,102,-2.000769421629853,0.005371140696695656,-2.002077305670566,1998.4,0.0,1.192033454466581e-08,False,40.2
He+,1,0.0025,103,-1.9960122499088473,0.005412189579559885,-1.996612450621144,1999.8,0.0,0.0,False,40.8
He+,0.5,0.00125,100,-1.9842640888956928,0.005698222358222602,-1.9858657237677544,1997.9,0.0,0.0,False,82.2
He+,0.5,0.00125,101,-1.9958976153322627,0.004418502703167982,-1.9981966365937638,1996.0,0.0,0.0,False,80.5
He+,0.5,0.00125,102,-2.0025067909464203,0.005537063642838692,-2.0017106014058794,2002.6,0.0,0.0,False,80.7
He+,0.5,0.00125,103,-1.9926537112878286,0.005726607956942323,-1.9924413270218697,2001.4,0.0,0.0,False,80.2
He parallel spins,2,0.005,100,-2.1865056641649336,0.004746292612766502,-2.2645732806719057,2004.5,0.07985068732875059,2.0959300392126554e-07,True,87.3
He parallel spins,2,0.005,101,-2.180601020040553,0.005198771650598018,-2.261896260221371,2004.3,0.08300432044716195,2.7944719476484425e-07,True,89.1
He parallel spins,2,0.005,102,-2.1939965824511893,0.004819838614910121,-2.2856282880176746,2002.3,0.0923955271479302,2.997334769922585e-07,True,88.6
He parallel spins,2,0.005,103,-2.181849456503175,0.0051627055936052536,-2.273745087084431,1996.8,0.08970814471689602,2.605117440597962e-07,True,87.4
He parallel spins,1,0.0025,100,-2.157285528564042,0.005333680060049567,-2.2304685278524867,1992.8,0.06915833547288715,5.0196839124115156e-08,True,172.4
He parallel spins,1,0.0025,101,-2.174384935293245,0.0048034347762922645,-2.2489684234498504,1999.3,0.07386968689788523,7.002013078760143e-08,True,174.4
He parallel spins,1,0.0025,102,-2.1830317003181294,0.0056749220292707896,-2.256407984293476,2002.9,0.07424453486929768,9.989909242623572e-08,True,177.5
He parallel spins,1,0.0025,103,-2.166779229905723,0.005689847091209755,-2.239878225384994,2000.4,0.07270141414422651,0.0,True,174.9
He parallel spins,0.5,0.00125,100,-2.169871095750576,0.005408466849693809,-2.2341098779178115,1995.2,0.061389389770882936,1.2522776770767033e-08,True,359.0
He parallel spins,0.5,0.00125,101,-2.1628182931110955,0.00503442683435583,-2.2277779156329,1997.2,0.06301389572049695,0.0,True,360.4
He parallel spins,0.5,0.00125,102,-2.179599535152918,0.005873974325148519,-2.2461770558883756,2002.6,0.06734945088940002,0.0,True,357.9
He parallel spins,0.5,0.00125,103,-2.169695199426528,0.005120528758266069,-2.235979106072029,1999.0,0.06528445520922761,0.0,True,360.1
Li+,2,0.0022222222222222222,100,-7.279844428304321,0.014487844853158637,-7.278399067735305,2006.2,0.0,3.9651656978445145e-07,False,102.0
Li+,2,0.0022222222222222222,101,-7.2594068095565945,0.014458392012335067,-7.266757741064076,1989.4,0.0,2.8824344903348513e-07,False,100.2
Li+,2,0.0022222222222222222,102,-7.251799313532837,0.014363354478959837,-7.255237383152466,1997.5,0.0,2.368928020229784e-07,False,102.7
Li+,2,0.0022222222222222222,103,-7.277920571734631,0.012916014100861605,-7.278837463932259,2000.6,0.0,3.7270084699922814e-07,False,100.9
Li+,1,0.0011111111111111111,100,-7.249979440887707,0.015157586918310189,-7.248973344136285,2005.3,0.0,8.943609789017025e-09,False,211.7
Li+,1,0.0011111111111111111,101,-7.268408438445204,0.015631371499189417,-7.2704282829750175,2001.5,0.0,4.475542246494349e-08,False,207.7
Li+,1,0.0011111111111111111,102,-7.25516708081026,0.01484284059199441,-7.258860176672889,1996.6,0.0,3.411021710585881e-08,False,204.9
Li+,1,0.0011111111111111111,103,-7.248947479346309,0.014341078478899328,-7.2540879262490865,1992.9,0.0,4.4948740869440904e-08,False,207.2
Li+,0.5,0.0005555555555555556,100,-7.244933710726971,0.01552833247131693,-7.248054385281877,1997.4,0.0,8.973398537708256e-09,False,412.7
Li+,0.5,0.0005555555555555556,101,-7.219174438319787,0.01460085421683651,-7.223478337925583,1995.2,0.0,8.982606450055238e-10,False,417.2
Li+,0.5,0.0005555555555555556,102,-7.248772498773506,0.01373983833312703,-7.251110023508496,1998.1,0.0,4.484312465576007e-09,False,415.3
Li+,0.5,0.0005555555555555556,103,-7.210907011743235,0.013896858826757785,-7.211334397407167,2002.7,0.0,4.478222871493683e-09,False,415.0
Li,2,0.0022222222222222222,100,-7.357048431685687,0.014749145113394696,-7.402279241261006,2006.9,0.04685092480174157,4.22953688625442e-07,True,330.8
Li,2,0.0022222222222222222,101,-7.442117843093392,0.014561753555185337,-7.5294382980126136,1998.0,0.08528925612736261,3.573161072990876e-07,True,329.4
Li,2,0.0022222222222222222,102,-7.366647338890046,0.013843013563331183,-7.415968017387975,1999.5,0.04758529535590413,3.6044482650997186e-07,True,328.0
Li,2,0.0022222222222222222,103,-7.462288520688787,0.014269228133345656,-7.551640451143793,2010.4,0.09234372428221471,2.0445666459211305e-07,True,329.6
Li,1,0.0011111111111111111,100,-7.385198885565996,0.015835669066762016,-7.4356691064116305,1998.6,0.0483718936589564,3.70519631147303e-08,True,633.3
Li,1,0.0011111111111111111,101,-7.347230819215834,0.01519596290131344,-7.374118214793707,2000.3,0.02516338846706535,3.031865058410253e-08,True,642.3
Li,1,0.0011111111111111111,102,-7.454857299053619,0.014954597708088036,-7.5163854974812025,2003.4,0.06175382417141302,3.693112646239182e-08,True,640.0
Li,1,0.0011111111111111111,103,-7.443030473427629,0.014601782348985395,-7.510929797097052,2007.5,0.0692104010911497,7.717467423341083e-08,True,642.1
Li,0.5,0.0005555555555555556,100,-7.443500873262163,0.013881510346267554,-7.523298264137768,1999.4,0.07728210004500818,8.418985864487374e-10,True,1389.0
Li,0.5,0.0005555555555555556,101,-7.383654358251479,0.014935467821937961,-7.426909536322988,1997.5,0.04017117341128582,4.216630722321349e-09,True,1392.9
Li,0.5,0.0005555555555555556,102,-7.440406345862009,0.014142287499030693,-7.488051787439904,1994.1,0.04295617513215279,8.44251067124062e-09,True,1395.0
Li,0.5,0.0005555555555555556,103,-7.385562065372277,0.013821814553057572,-7.419682280197818,2002.6,0.03352567449190699,1.429371879226101e-08,True,1399.6
Be,2,0.00125,100,-14.513973535860089,0.05053691883361542,-14.923308429291184,2004.3,0.40918710707060385,3.9013691433660777e-07,True,221.7
Be,2,0.00125,101,-14.334980207441374,0.06255701374036668,-14.657765208041107,1983.0,0.31139207794757245,3.3853048749279823e-07,True,222.5
Be,2,0.00125,102,-14.515548505928372,0.05834960339747644,-14.897342062602213,2012.9,0.383895929478555,5.587380472836263e-07,True,226.5
Be,2,0.00125,103,-14.46369154167252,0.04457773948307974,-14.849064668309616,1995.1,0.3810478997500545,3.369012507725322e-07,True,220.3
Be,1,0.000625,100,-14.337079729185945,0.0480631281043045,-14.532802721994399,2011.1,0.19565162531397312,5.0744430950936427e-08,True,449.3
Be,1,0.000625,101,-14.49321938752839,0.0521542647737385,-14.769055493755152,2016.3,0.2803441924902729,1.9392943015085857e-08,True,455.2
Be,1,0.000625,102,-14.570152832389647,0.04971708692753558,-14.860329833696264,2009.6,0.2901969423942636,5.4532571260904916e-08,True,450.6
Be,1,0.000625,103,-14.41894648067725,0.061315452361712715,-14.661283910236302,1991.3,0.2352012051094485,0.0,True,448.4
Be,0.5,0.0003125,100,-14.480740284984053,0.05503201068439337,-14.779544569950431,1987.0,0.28946944568252375,0.0,True,895.9
Be,0.5,0.0003125,101,-14.310017535416248,0.04583727819743174,-14.572721464173405,1991.0,0.2538907432858499,9.794697690554071e-09,True,892.6
Be,0.5,0.0003125,102,-14.167946954243366,0.0389408462919783,-14.288178329355114,1980.6,0.10895127148142014,0.0,True,907.8
Be,0.5,0.0003125,103,-14.286756515354568,0.05079782306917453,-14.465938047867148,2013.5,0.18023191894336216,0.0,True,899.5
